Area,ISO3 Code,Year,Demand,Net Imports,Total Generation,Clean,Nuclear,Wind and Solar,"Hydro, Bioenergy and Other Renewables",Fossil,Coal,Gas and Other Fossil,AvgPrice_EUR_MWh,MaxPrice_EUR_MWh,StdPrice_EUR_MWh
Austria,AUT,2015,71.84,10.06,61.78,47.59,0.0,5.78,41.81,14.19,2.95,11.24,31.764166666666668,39.37,3.8172061614206636
Austria,AUT,2016,72.03,7.16,64.87,51.08,0.0,6.33,44.75,13.79,2.04,11.75,28.956666666666667,38.21,5.7921142839888695
Austria,AUT,2017,73.64,6.55,67.09,51.05,0.0,7.84,43.21,16.04,1.76,14.28,34.41916666666666,52.41,6.841539510869457
Austria,AUT,2018,73.62,8.95,64.67,50.06,0.0,7.49,42.57,14.61,1.81,12.8,40.891666666666666,48.63,6.231735251310363
Austria,AUT,2019,73.82,3.13,70.69,54.64,0.0,9.15,45.49,16.05,1.5,14.55,40.137499999999996,56.68,6.267980862359833
Austria,AUT,2020,71.24,2.2,69.04,55.42,0.0,8.83,46.59,13.62,0.56,13.06,33.09083333333333,50.35,10.133754987738515
Austria,AUT,2021,74.22,7.54,66.68,52.75,0.0,9.52,43.23,13.93,0.0,13.93,107.59833333333334,259.08,69.7332669838609
Austria,AUT,2022,73.19,8.7,64.49,50.42,0.0,11.04,39.38,14.07,0.0,14.07,262.435,488.27,102.58482623042879
Austria,AUT,2023,71.21,-0.07,71.28,60.46,0.0,15.23,45.23,10.82,0.0,10.82,102.38916666666667,144.9,22.234035931154715
Austria,AUT,2024,71.99,-6.78,78.77,67.96,0.0,17.58,50.38,10.81,0.0,10.81,81.18249999999999,130.21,24.22768593797375
Belgium,BEL,2015,89.43,21.0,68.43,40.54,26.1,8.63,5.81,27.89,2.07,25.82,44.69166666666666,55.43,6.035499276377352
Belgium,BEL,2016,90.49,6.18,84.31,57.77,43.52,8.52,5.73,26.54,0.39,26.15,36.585,62.32,13.571880354749533
Belgium,BEL,2017,91.36,6.02,85.34,58.03,42.23,9.83,5.97,27.31,0.0,27.31,44.593333333333334,72.66,13.82316654509137
Belgium,BEL,2018,91.2,17.33,73.87,45.76,28.6,11.47,5.69,28.11,0.0,28.11,55.24916666666667,77.73,13.638041353863718
Belgium,BEL,2019,90.84,-1.85,92.69,62.97,43.52,14.0,5.45,29.72,0.0,29.72,39.37416666666667,60.48,8.35021007719766
Belgium,BEL,2020,87.96,-0.33,88.29,57.88,34.43,17.92,5.53,30.41,0.0,30.41,31.855833333333333,47.4,10.653310589443617
Belgium,BEL,2021,91.52,-7.88,99.4,73.08,50.33,17.62,5.13,26.32,0.0,26.32,103.81833333333333,245.43,67.21442334841984
Belgium,BEL,2022,86.8,-7.53,94.33,68.31,43.88,19.23,5.2,26.02,0.0,26.02,243.74,448.12,89.64098991380715
Belgium,BEL,2023,83.79,1.64,82.15,60.41,32.93,23.29,4.19,21.74,0.0,21.74,97.63166666666666,143.51,21.849647317034385
Belgium,BEL,2024,86.37,10.34,76.03,58.05,31.25,22.64,4.16,17.98,0.0,17.98,70.28416666666666,108.95,19.34369216347157
Bulgaria,BGR,2016,38.16,-6.37,44.53,22.82,15.78,2.81,4.23,21.71,19.37,2.34,37.833333333333336,42.06,3.665328543709737
Bulgaria,BGR,2017,39.36,-5.48,44.84,21.68,15.55,2.9,3.23,23.16,20.92,2.24,39.6725,54.41,5.806040937130598
Bulgaria,BGR,2018,38.7,-7.81,46.51,25.51,16.13,2.66,6.72,21.0,18.66,2.34,39.85916666666667,57.22,9.063702292243727
Bulgaria,BGR,2019,37.91,-5.81,43.72,24.05,16.56,2.74,4.75,19.67,17.2,2.47,47.3825,67.38,9.556276495295927
Bulgaria,BGR,2020,36.73,-3.41,40.14,24.1,16.63,2.95,4.52,16.04,13.51,2.53,39.2825,56.76,11.123637505943655
Bulgaria,BGR,2021,38.44,-8.78,47.22,26.8,16.49,2.9,7.41,20.42,17.09,3.33,108.30583333333334,219.75,63.85658753777637
Bulgaria,BGR,2022,38.09,-12.19,50.28,26.09,16.46,3.59,6.04,24.19,21.79,2.4,252.24916666666664,433.22,82.05481365951037
Bulgaria,BGR,2023,36.78,-3.33,40.11,26.24,16.16,5.13,4.95,13.87,11.73,2.14,104.08166666666666,142.37,18.559827993586442
Bulgaria,BGR,2024,37.34,-0.99,38.33,27.27,15.78,6.98,4.51,11.06,8.76,2.3,102.44916666666666,167.75,34.085528643088224
Croatia,HRV,2017,18.72,6.95,11.77,7.12,0.0,1.28,5.84,4.65,1.37,3.28,51.776666666666664,60.92,9.24667688055192
Croatia,HRV,2018,18.91,5.39,13.52,9.78,0.0,1.41,8.37,3.74,1.45,2.29,51.925000000000004,64.16,11.083931448887457
Croatia,HRV,2019,18.78,6.13,12.65,8.35,0.0,1.55,6.8,4.3,1.64,2.66,49.251666666666665,69.32,8.954336515021224
Croatia,HRV,2020,17.87,4.64,13.23,8.55,0.0,1.82,6.73,4.68,1.22,3.46,38.026666666666664,55.56,10.614647969440696
Croatia,HRV,2021,19.07,3.96,15.11,10.53,0.0,2.21,8.32,4.58,1.46,3.12,114.28416666666668,251.76,71.35603605204403
Croatia,HRV,2022,18.79,4.69,14.1,8.95,0.0,2.29,6.66,5.15,1.56,3.59,271.68583333333333,494.05,98.10132187584365
Croatia,HRV,2023,18.81,1.58,17.23,12.02,0.0,2.79,9.23,5.21,1.33,3.88,104.01416666666667,145.24,19.729240624161402
Croatia,HRV,2024,19.48,4.36,15.12,11.06,0.0,3.29,7.77,4.06,0.8,3.26,94.61583333333334,144.79,27.1820530558921
Czechia,CZE,2015,69.98,-12.51,82.49,36.25,26.84,2.83,6.58,46.24,41.14,5.1,32.35,39.08,3.944558968318949
Czechia,CZE,2016,71.03,-10.97,82.0,33.49,24.1,2.63,6.76,48.51,41.97,6.54,31.125,43.45,6.886963310223428
Czechia,CZE,2017,72.72,-13.04,85.76,37.97,28.34,2.79,6.84,47.79,41.44,6.35,36.465833333333336,54.31,6.797698084088778
Czechia,CZE,2018,72.93,-13.91,86.84,39.35,29.92,2.97,6.46,47.49,41.2,6.29,46.00666666666667,58.62,10.178899148669656
Czechia,CZE,2019,72.62,-13.1,85.72,40.31,30.25,3.02,7.04,45.41,37.33,8.08,40.23,55.38,5.832959641710046
Czechia,CZE,2020,69.95,-10.15,80.1,40.38,30.04,2.99,7.35,39.72,31.0,8.72,33.6,51.49,10.291326445118724
Czechia,CZE,2021,72.58,-11.08,83.66,41.37,30.73,2.85,7.79,42.29,34.18,8.11,100.37583333333333,228.59,57.45650963330809
Czechia,CZE,2022,70.2,-13.53,83.73,41.79,31.02,3.27,7.5,41.94,36.88,5.06,246.605,476.73,96.69932466625137
Czechia,CZE,2023,66.63,-9.18,75.81,41.56,30.41,3.6,7.55,34.25,29.94,4.31,101.08083333333333,139.25,19.453957979306058
Czechia,CZE,2024,66.16,-6.66,72.82,42.01,29.7,4.27,8.04,30.81,26.52,4.29,85.05916666666667,133.24,23.914126847509777
Denmark,DNK,2015,34.69,5.91,28.78,18.93,0.0,14.73,4.2,9.85,7.11,2.74,23.578333333333333,29.93,4.399972796059155
Denmark,DNK,2016,35.46,5.06,30.4,18.39,0.0,13.52,4.87,12.01,8.87,3.14,27.757499999999997,38.65,5.6533097707127595
Denmark,DNK,2017,35.46,4.56,30.9,21.8,0.0,15.53,6.27,9.1,6.21,2.89,30.848333333333333,35.5,2.435725888941652
Denmark,DNK,2018,35.43,5.22,30.21,20.75,0.0,14.85,5.9,9.46,6.57,2.89,44.865,56.16,8.211450431063817
Denmark,DNK,2019,35.18,5.81,29.37,23.07,0.0,17.11,5.96,6.3,3.31,2.99,39.04416666666666,50.88,4.811451223777279
Denmark,DNK,2020,35.46,6.88,28.58,23.45,0.0,17.51,5.94,5.13,3.06,2.07,26.245833333333334,38.84,7.9673041617639155
Denmark,DNK,2021,37.79,4.87,32.92,26.1,0.0,17.36,8.74,6.82,4.37,2.45,87.84249999999999,189.95,45.42673484454241
Denmark,DNK,2022,36.53,1.36,35.17,28.44,0.0,21.41,7.03,6.73,4.43,2.3,214.79583333333335,454.43,101.58510551689548
Denmark,DNK,2023,37.14,3.13,34.01,29.4,0.0,23.17,6.23,4.61,2.53,2.08,84.90666666666667,111.37,16.338002733912532
Denmark,DNK,2024,38.89,3.71,35.18,31.39,0.0,24.31,7.08,3.79,1.75,2.04,70.665,95.79,12.816170538531672
Estonia,EST,2015,9.23,-0.92,10.15,1.56,0.0,0.71,0.85,8.59,0.0,8.59,31.09166666666667,35.02,2.6624077733351013
Estonia,EST,2016,10.13,-2.04,12.17,1.59,0.0,0.6,0.99,10.58,0.0,10.58,33.071666666666665,40.86,4.183803909304923
Estonia,EST,2017,10.43,-2.73,13.16,1.86,0.0,0.73,1.13,11.3,0.02,11.28,33.218333333333334,37.26,2.2705619381887625
Estonia,EST,2018,10.47,-1.9,12.37,1.99,0.0,0.67,1.32,10.38,0.0,10.38,47.05916666666667,55.4,6.314982845054559
Estonia,EST,2019,9.77,2.16,7.61,2.14,0.0,0.76,1.38,5.47,0.0,5.47,45.85916666666666,55.79,4.7128787927498745
Estonia,EST,2020,9.72,3.64,6.08,2.97,0.0,1.09,1.88,3.11,0.0,3.11,33.678333333333335,45.5,7.586290066277256
Estonia,EST,2021,9.82,2.63,7.19,2.87,0.0,1.08,1.79,4.32,0.0,4.32,86.52666666666666,202.55,45.96044847738569
Estonia,EST,2022,9.95,1.01,8.94,2.86,0.0,1.27,1.59,6.08,0.0,6.08,191.97166666666666,360.7,73.76099324332898
Estonia,EST,2023,9.15,3.3,5.85,2.91,0.0,1.51,1.4,2.94,0.0,2.94,91.00999999999999,113.19,15.693958304797656
Estonia,EST,2024,9.1,2.9,6.2,3.45,0.0,2.02,1.43,2.75,0.0,2.75,87.1225,126.47,17.74846427415367
Finland,FIN,2015,84.95,16.34,68.61,53.78,23.25,2.34,28.19,14.83,5.12,9.71,29.676666666666666,33.81,3.6921300413750666
Finland,FIN,2016,87.7,18.95,68.75,53.61,23.2,3.09,27.32,15.14,6.97,8.17,32.43333333333333,41.01,4.848346172259219
Finland,FIN,2017,87.95,20.43,67.52,53.95,22.48,4.84,26.63,13.57,5.86,7.71,33.20666666666667,37.25,2.236223819231198
Finland,FIN,2018,90.17,19.94,70.23,54.93,22.79,5.93,26.21,15.3,5.79,9.51,46.77333333333333,55.5,6.059718465307431
Finland,FIN,2019,88.65,20.04,68.61,55.75,23.87,6.17,25.71,12.86,4.36,8.5,44.03583333333333,55.81,6.41130742351261
Finland,FIN,2020,84.34,15.1,69.24,59.22,23.29,8.48,27.45,10.02,2.44,7.58,28.005,40.57,7.757932597143274
Finland,FIN,2021,89.88,17.77,72.11,61.78,23.6,8.81,29.37,10.33,2.67,7.66,72.165,193.27,41.854978089936814
Finland,FIN,2022,84.69,12.52,72.17,64.0,25.34,12.41,26.25,8.17,3.44,4.73,153.47916666666666,261.53,64.91323460216068
Finland,FIN,2023,82.86,1.72,81.14,76.23,34.31,15.38,26.54,4.91,1.56,3.35,56.607499999999995,80.04,20.419278824857475
Finland,FIN,2024,85.35,3.18,82.17,78.33,32.6,21.04,24.69,3.84,0.83,3.01,45.62416666666667,106.16,23.75156701369534
France,FRA,2015,510.08,-64.06,574.14,529.27,437.43,29.17,62.67,44.87,11.89,32.98,38.52916666666667,50.14,6.468173071183846
France,FRA,2016,517.34,-41.5,558.84,502.2,403.2,30.04,68.96,56.64,10.23,46.41,36.72,65.18,14.571337369207837
France,FRA,2017,515.61,-40.13,555.74,490.27,398.36,33.48,58.43,65.47,12.81,52.66,44.995000000000005,78.0,14.868308273273419
France,FRA,2018,513.27,-62.97,576.24,526.79,412.94,39.75,74.1,49.45,8.31,41.14,50.20416666666667,67.81,12.07057011407448
France,FRA,2019,507.85,-57.67,565.52,511.91,399.01,46.74,66.16,53.61,3.64,49.97,39.485,61.15,8.376136557886555
France,FRA,2020,482.21,-45.04,527.25,478.86,353.83,53.14,71.89,48.39,3.09,45.3,32.16583333333333,48.42,11.432928089381551
France,FRA,2021,505.42,-44.89,550.31,501.46,379.36,52.4,69.7,48.85,5.44,43.41,108.83749999999999,274.51,74.79772773955104
France,FRA,2022,483.19,14.94,468.25,407.9,294.73,57.34,55.83,60.35,4.16,56.19,275.06166666666667,493.08,101.98477514122419
France,FRA,2023,466.39,-50.47,516.86,475.8,338.2,70.64,66.96,41.06,1.61,39.45,97.25,148.78,23.70647935979451
France,FRA,2024,470.26,-89.85,560.11,531.45,380.45,67.87,83.13,28.66,1.02,27.64,57.94333333333333,100.55,23.82144882752567
Germany,DEU,2015,590.89,-48.28,639.17,279.93,91.79,118.7,69.44,359.24,272.2,87.04,31.764166666666668,39.37,3.8172061614206636
Germany,DEU,2016,591.0,-50.52,641.52,273.76,84.63,117.48,71.65,367.76,261.75,106.01,28.956666666666667,38.21,5.7921142839888695
Germany,DEU,2017,592.0,-52.46,644.46,292.0,76.32,144.45,71.23,352.46,241.26,111.2,34.63833333333333,52.41,6.836863759108125
Germany,DEU,2018,583.54,-48.74,632.28,298.93,76.0,154.27,68.66,333.35,228.16,105.19,43.46333333333333,56.86,7.860400560384753
Germany,DEU,2019,567.42,-32.67,600.09,316.24,75.07,171.11,70.06,283.85,171.45,112.4,37.814166666666665,49.95,5.261713268047919
Germany,DEU,2020,547.72,-19.03,566.75,315.87,64.38,181.61,69.88,250.88,134.6,116.28,30.3725,43.75,9.27488997729402
Germany,DEU,2021,560.25,-18.58,578.83,301.63,69.13,163.5,69.0,277.2,164.65,112.55,97.27499999999999,225.08,58.13624851079653
Germany,DEU,2022,539.62,-27.26,566.88,286.25,34.71,185.11,66.43,280.63,179.93,100.7,235.53083333333333,463.59,98.70260993678602
Germany,DEU,2023,512.91,9.22,503.69,281.29,7.22,201.38,72.69,222.4,124.78,97.62,95.39083333333333,127.81,16.23070684526616
Germany,DEU,2024,519.27,26.27,493.0,287.87,0.0,212.74,75.13,205.13,106.33,98.8,77.74666666666667,111.61,16.32861422240854
Greece,GRC,2015,60.66,9.61,51.05,14.85,0.0,8.52,6.33,36.2,22.11,14.09,51.94,61.41,4.221434482602932
Greece,GRC,2016,62.64,8.8,53.84,14.89,0.0,9.08,5.81,38.95,18.88,20.07,42.83083333333334,51.11,3.7093774491963036
Greece,GRC,2017,61.04,6.24,54.8,13.8,0.0,9.53,4.27,41.0,18.76,22.24,54.69916666666666,74.62,9.237151723864724
Greece,GRC,2018,58.89,6.28,52.61,16.14,0.0,10.09,6.05,36.47,17.19,19.28,60.3425,71.43,9.012970577804172
Greece,GRC,2019,57.89,9.94,47.95,16.1,0.0,11.7,4.4,31.85,12.12,19.73,63.83416666666667,75.25,5.206875626311692
Greece,GRC,2020,56.37,8.86,47.51,17.55,0.0,13.76,3.79,29.96,6.61,23.35,45.06333333333333,59.0,9.451903447871164
Greece,GRC,2021,57.92,3.68,54.24,22.13,0.0,15.73,6.4,32.11,5.32,26.79,116.04666666666667,235.36,69.180858668136
Greece,GRC,2022,55.12,3.45,51.67,22.45,0.0,18.02,4.43,29.22,5.76,23.46,279.38916666666665,436.76,76.71374328197871
Greece,GRC,2023,53.74,4.91,48.83,24.28,0.0,19.81,4.47,24.55,4.59,19.96,119.23916666666666,191.66,27.910713634840295
Greece,GRC,2024,56.67,-0.31,56.98,28.0,0.0,23.71,4.29,28.98,3.27,25.71,100.6675,136.55,27.56291221089409
Hungary,HUN,2015,44.02,13.69,30.33,19.05,15.83,0.83,2.39,11.28,5.79,5.49,40.593333333333334,52.35,6.326046206443694
Hungary,HUN,2016,44.59,12.71,31.88,19.3,16.05,0.92,2.33,12.58,5.63,6.95,35.37583333333333,49.17,7.821761552737259
Hungary,HUN,2017,45.8,12.88,32.92,19.58,16.1,1.11,2.37,13.34,4.93,8.41,50.35166666666667,81.23,12.363065840223333
Hungary,HUN,2018,46.4,14.35,32.05,19.5,15.73,1.24,2.53,12.55,4.67,7.88,50.9475,65.05,12.171110448330284
Hungary,HUN,2019,46.86,12.58,34.28,20.99,16.29,2.23,2.47,13.29,4.03,9.26,50.31,73.23,9.967234502928266
Hungary,HUN,2020,46.6,11.68,34.92,21.58,16.06,3.11,2.41,13.34,3.71,9.63,38.994166666666665,58.19,10.89684396205311
Hungary,HUN,2021,48.85,12.75,36.1,22.9,15.99,4.46,2.45,13.2,3.01,10.19,113.44916666666666,245.7,69.47718166398013
Hungary,HUN,2022,47.93,12.15,35.78,23.47,15.81,5.34,2.32,12.31,2.99,9.32,270.90166666666664,495.65,98.05102510551546
Hungary,HUN,2023,46.62,11.1,35.52,25.28,15.92,7.56,1.8,10.24,2.49,7.75,107.08166666666666,148.8,20.66733779457702
Hungary,HUN,2024,48.71,10.73,37.98,27.96,16.02,9.87,2.07,10.02,2.44,7.58,100.71416666666666,163.71,33.59200918463506
Ireland,IRL,2018,30.87,-0.03,30.9,10.2,0.0,8.66,1.54,20.7,2.15,18.55,72.02999999999999,75.08,3.4991284629175885
Ireland,IRL,2019,31.35,0.64,30.71,11.79,0.0,10.05,1.74,18.92,0.51,18.41,50.31166666666667,79.42,9.98165848246703
Ireland,IRL,2020,31.82,-0.15,31.97,13.46,0.0,11.61,1.85,18.51,0.67,17.84,37.354166666666664,58.53,10.294494961636124
Ireland,IRL,2021,33.17,1.59,31.58,11.6,0.0,9.86,1.74,19.98,2.72,17.26,134.96916666666667,253.74,65.69382058366516
Ireland,IRL,2022,33.86,0.25,33.61,13.07,0.0,11.36,1.71,20.54,2.37,18.17,225.17083333333335,383.32,78.40576317620041
Ireland,IRL,2023,34.57,3.27,31.3,14.03,0.0,12.26,1.77,17.27,1.21,16.06,126.51416666666667,163.69,21.87803733025983
Ireland,IRL,2024,36.02,5.06,30.96,14.25,0.0,12.48,1.77,16.71,0.63,16.08,108.97250000000001,146.87,19.555861304571486
Italy,ITA,2015,326.08,46.38,279.7,108.89,0.0,37.78,71.11,170.81,43.2,127.61,52.305,67.71,5.699477647516957
Italy,ITA,2016,322.98,37.03,285.95,108.01,0.0,39.79,68.22,177.94,35.61,142.33,42.655,58.31,9.044067367365997
Italy,ITA,2017,329.85,37.76,292.09,103.89,0.0,42.12,61.77,188.2,32.63,155.57,53.9125,72.08,9.532633066567607
Italy,ITA,2018,329.96,43.9,286.06,114.41,0.0,40.37,74.04,171.65,28.47,143.18,61.26416666666666,76.26,8.918568432141333
Italy,ITA,2019,328.13,38.14,289.99,115.83,0.0,43.89,71.94,174.16,18.84,155.32,52.34833333333333,67.64,5.940943961317523
Italy,ITA,2020,309.01,32.2,276.81,116.9,0.0,43.7,73.2,159.91,13.38,146.53,38.89,54.07,10.353095277171063
Italy,ITA,2021,328.28,42.79,285.49,116.33,0.0,45.97,70.36,169.16,14.02,155.14,125.015,281.01,77.27064472594775
Italy,ITA,2022,323.16,42.99,280.17,100.46,0.0,48.61,51.85,179.71,22.61,157.1,303.0883333333333,543.55,109.44889200264231
Italy,ITA,2023,312.75,51.25,261.5,116.47,0.0,54.25,62.22,145.03,13.22,131.81,127.40083333333332,174.44,21.886286058265863
Italy,ITA,2024,318.51,51.0,267.51,134.19,0.0,58.16,76.03,133.32,3.95,129.37,108.4275,135.04,17.4756933143776
Latvia,LVA,2015,7.36,1.82,5.54,2.78,0.0,0.15,2.63,2.76,0.0,2.76,41.829166666666666,56.52,6.389247300003817
Latvia,LVA,2016,7.45,1.03,6.42,3.48,0.0,0.13,3.35,2.94,0.0,2.94,36.050000000000004,50.01,5.8572907171707405
Latvia,LVA,2017,7.47,-0.06,7.53,5.46,0.0,0.15,5.31,2.07,0.0,2.07,34.7025,38.37,2.5881201496628603
Latvia,LVA,2018,7.63,0.91,6.72,3.49,0.0,0.12,3.37,3.23,0.0,3.23,49.859166666666674,59.07,7.3937964886214935
Latvia,LVA,2019,7.56,1.12,6.44,3.19,0.0,0.15,3.04,3.25,0.0,3.25,46.2775,56.65,4.678803508668351
Latvia,LVA,2020,7.35,1.63,5.72,3.64,0.0,0.18,3.46,2.08,0.0,2.08,34.034166666666664,44.87,7.851696352130577
Latvia,LVA,2021,7.62,1.77,5.85,3.72,0.0,0.15,3.57,2.13,0.0,2.13,88.5775,207.3,47.57855573584691
Latvia,LVA,2022,7.34,2.31,5.03,3.82,0.0,0.27,3.55,1.21,0.0,1.21,225.91333333333333,467.09,106.70090016944418
Latvia,LVA,2023,7.17,0.8,6.37,4.95,0.0,0.5,4.45,1.42,0.0,1.42,94.08999999999999,116.98,14.881713611005958
Latvia,LVA,2024,7.39,1.07,6.32,4.64,0.0,0.81,3.83,1.68,0.0,1.68,87.28333333333335,117.15,16.056764268926624
Lithuania,LTU,2015,11.44,7.21,4.23,1.68,0.0,0.88,0.8,2.55,0.0,2.55,41.906666666666666,56.52,6.330911658224465
Lithuania,LTU,2016,11.9,8.27,3.63,2.1,0.0,1.21,0.89,1.53,0.0,1.53,36.50833333333333,50.31,5.689893485715519
Lithuania,LTU,2017,12.24,8.68,3.56,2.53,0.0,1.43,1.1,1.03,0.0,1.03,35.1525,38.37,2.5290067220155814
Lithuania,LTU,2018,12.55,9.63,2.92,2.2,0.0,1.23,0.97,0.72,0.0,0.72,49.9625,59.07,7.437533957141734
Lithuania,LTU,2019,12.68,9.34,3.34,2.47,0.0,1.59,0.88,0.87,0.0,0.87,46.123333333333335,56.53,4.670130100063076
Lithuania,LTU,2020,12.61,7.91,4.7,2.57,0.0,1.68,0.89,2.13,0.0,2.13,34.02333333333333,45.76,7.986663125410255
Lithuania,LTU,2021,13.34,9.04,4.3,2.62,0.0,1.55,1.07,1.68,0.0,1.68,90.24000000000001,212.11,48.29299215112987
Lithuania,LTU,2022,12.61,8.57,4.04,3.02,0.0,1.85,1.17,1.02,0.0,1.02,229.2266666666667,480.5,109.33907422104483
Lithuania,LTU,2023,12.14,6.93,5.21,4.35,0.0,3.14,1.21,0.86,0.0,0.86,94.6375,117.01,14.872935227208089
Lithuania,LTU,2024,12.7,5.4,7.3,6.14,0.0,4.72,1.42,1.16,0.0,1.16,87.19583333333333,117.39,16.093600906929286
Luxembourg,LUX,2015,6.94,5.6,1.34,0.43,0.0,0.2,0.23,0.91,0.0,0.91,31.764166666666668,39.37,3.8172061614206636
Luxembourg,LUX,2016,7.09,6.3,0.79,0.46,0.0,0.2,0.26,0.33,0.0,0.33,28.956666666666667,38.21,5.7921142839888695
Luxembourg,LUX,2017,7.08,6.18,0.9,0.6,0.0,0.34,0.26,0.3,0.0,0.3,34.63833333333333,52.41,6.836863759108125
Luxembourg,LUX,2018,7.12,6.16,0.96,0.68,0.0,0.37,0.31,0.28,0.0,0.28,43.46333333333333,56.86,7.860400560384753
Luxembourg,LUX,2019,6.95,5.88,1.07,0.8,0.0,0.41,0.39,0.27,0.0,0.27,37.814166666666665,49.95,5.261713268047919
Luxembourg,LUX,2020,6.68,5.46,1.22,0.97,0.0,0.51,0.46,0.25,0.0,0.25,30.3725,43.75,9.27488997729402
Luxembourg,LUX,2021,6.95,5.72,1.23,0.99,0.0,0.49,0.5,0.24,0.0,0.24,97.27499999999999,225.08,58.13624851079653
Luxembourg,LUX,2022,6.72,5.51,1.21,1.04,0.0,0.59,0.45,0.17,0.0,0.17,235.53083333333333,463.59,98.70260993678602
Luxembourg,LUX,2023,6.6,5.2,1.4,1.25,0.0,0.78,0.47,0.15,0.0,0.15,95.39083333333333,127.81,16.23070684526616
Luxembourg,LUX,2024,6.75,5.25,1.5,1.36,0.0,0.81,0.55,0.14,0.0,0.14,77.74666666666667,111.61,16.32861422240854
Montenegro,MNE,2023,3.35,-0.87,4.22,2.58,0.0,0.36,2.22,1.64,1.64,0.0,98.04555555555555,110.44,7.405778337067466
Montenegro,MNE,2024,3.54,-0.16,3.7,2.23,0.0,0.38,1.85,1.47,1.47,0.0,98.35416666666667,134.39,26.20942247580346
Netherlands,NLD,2015,117.74,8.75,108.99,17.77,4.08,8.66,5.03,91.22,39.39,51.83,40.07,46.37,3.1111938661432306
Netherlands,NLD,2016,118.87,4.91,113.96,18.74,3.96,9.77,5.01,95.22,36.82,58.4,32.222500000000004,43.5,6.392598170042943
Netherlands,NLD,2017,119.55,3.51,116.04,20.83,3.4,12.77,4.66,95.21,31.38,63.83,39.329166666666666,50.76,6.147607751036663
Netherlands,NLD,2018,121.07,7.97,113.1,22.39,3.51,14.26,4.62,90.71,27.58,63.13,52.48916666666667,63.32,8.50421121170761
Netherlands,NLD,2019,120.91,0.86,120.05,26.71,3.91,16.91,5.89,93.34,17.69,75.65,41.21583333333333,58.3,6.1503340017704184
Netherlands,NLD,2020,119.3,-2.66,121.96,36.82,4.09,23.84,8.89,85.14,7.62,77.52,32.2275,48.28,9.47938732676902
Netherlands,NLD,2021,121.05,0.25,120.8,44.18,3.83,29.34,11.01,76.62,14.6,62.02,102.64833333333333,237.8,63.3718226506119
Netherlands,NLD,2022,115.52,-4.27,119.79,52.09,4.16,38.06,9.87,67.7,14.8,52.9,241.20416666666665,447.25,86.957739627135
Netherlands,NLD,2023,114.48,-5.66,120.14,61.01,3.99,49.31,7.71,59.13,8.71,50.42,96.13416666666666,134.91,19.132823988838616
Netherlands,NLD,2024,118.29,-4.22,122.51,65.82,3.57,55.48,6.77,56.69,7.47,49.22,77.23916666666666,113.47,17.73148584161844
North Macedonia,MKD,2023,7.06,0.15,6.91,2.23,0.0,0.54,1.69,4.68,2.77,1.91,97.33,106.97,10.691505306283382
North Macedonia,MKD,2024,6.51,0.71,5.8,1.92,0.0,0.51,1.41,3.88,2.48,1.4,101.12083333333334,165.41,32.250780810374
Norway,NOR,2015,128.35,-14.65,143.0,140.07,0.0,2.52,137.55,2.93,0.04,2.89,20.225833333333334,29.19,6.657930962166079
Norway,NOR,2016,131.62,-16.41,148.03,145.15,0.0,2.11,143.04,2.88,0.04,2.84,26.131666666666664,38.13,5.399657957741961
Norway,NOR,2017,133.11,-15.16,148.27,145.48,0.0,2.85,142.63,2.79,0.04,2.75,28.598333333333333,31.5,2.5700294774868846
Norway,NOR,2018,135.79,-10.15,145.94,143.05,0.0,3.87,139.18,2.89,0.04,2.85,43.54,51.76,6.714092370800123
Norway,NOR,2019,133.87,0.04,133.83,131.07,0.0,5.53,125.54,2.76,0.04,2.72,39.015,54.48,6.874098287974013
Norway,NOR,2020,133.85,-20.47,154.32,152.03,0.0,9.99,142.04,2.29,0.04,2.25,9.245,24.23,6.722801769825111
Norway,NOR,2021,139.55,-17.58,157.13,156.06,0.0,11.87,144.19,1.07,0.04,1.03,62.44166666666666,136.54,29.086100345926972
Norway,NOR,2022,132.9,-12.52,145.42,143.45,0.0,14.97,128.48,1.97,0.04,1.93,138.8025,245.94,59.54339717993316
Norway,NOR,2023,135.79,-17.74,153.53,151.18,0.0,14.22,136.96,2.35,0.03,2.32,59.093333333333334,97.32,26.08297680073881
Norway,NOR,2024,137.68,-18.44,156.12,153.61,0.0,14.86,138.75,2.51,0.03,2.48,38.665,69.57,15.531283093983395
Poland,POL,2015,163.97,-0.33,164.3,22.69,0.0,10.92,11.77,141.61,130.52,11.09,37.214166666666664,42.33,3.010576683909077
Poland,POL,2016,168.0,2.0,166.0,22.81,0.0,12.71,10.1,143.19,130.32,12.87,35.93,45.28,3.423947748114475
Poland,POL,2017,172.2,2.29,169.91,24.13,0.0,15.08,9.05,145.78,131.16,14.62,36.747499999999995,40.04,2.217136256935549
Poland,POL,2018,175.12,5.69,169.43,21.62,0.0,13.1,8.52,147.81,130.56,17.25,52.137499999999996,63.12,7.338688420097474
Poland,POL,2019,173.84,10.62,163.22,25.46,0.0,15.82,9.64,137.76,118.14,19.62,53.44,61.6,4.944434888198686
Poland,POL,2020,170.42,13.27,157.15,28.23,0.0,17.76,10.47,128.92,107.4,21.52,46.6325,56.65,7.6672694262394
Poland,POL,2021,179.68,0.89,178.79,30.56,0.0,20.16,10.4,148.23,127.57,20.66,86.82833333333333,179.38,35.59041618529382
Poland,POL,2022,176.92,-1.68,178.6,37.69,0.0,28.09,9.6,140.91,124.73,16.18,166.2825,268.88,43.656336648251354
Poland,POL,2023,168.19,3.74,164.45,44.79,0.0,34.22,10.57,119.66,98.85,20.81,111.86500000000001,136.85,15.997038646404075
Poland,POL,2024,173.02,1.97,171.05,52.54,0.0,42.48,10.06,118.51,93.5,25.01,96.18916666666667,120.78,14.432167013202484
Portugal,PRT,2015,53.41,2.27,51.14,24.36,0.0,12.4,11.96,26.78,14.73,12.05,50.41083333333333,59.59,5.288019836184316
Portugal,PRT,2016,53.96,-5.09,59.05,32.3,0.0,13.34,18.96,26.75,12.63,14.12,39.384166666666665,60.27,12.344427125654962
Portugal,PRT,2017,54.91,-2.68,57.59,22.58,0.0,13.24,9.34,35.01,14.67,20.34,52.446666666666665,71.54,8.022575344084666
Portugal,PRT,2018,55.69,-2.66,58.35,29.41,0.0,13.63,15.78,28.94,12.01,16.93,57.4475,71.28,9.240947536028779
Portugal,PRT,2019,55.0,3.4,51.6,27.41,0.0,15.01,12.4,24.19,5.53,18.66,47.895833333333336,62.66,7.169992339711051
Portugal,PRT,2020,52.85,1.46,51.39,30.11,0.0,14.02,16.09,21.28,2.36,18.92,33.98833333333334,42.11,8.130415211731286
Portugal,PRT,2021,53.97,4.75,49.22,31.54,0.0,15.45,16.09,17.68,0.8,16.88,111.48166666666667,239.07,68.80424945033731
Portugal,PRT,2022,55.58,9.25,46.33,27.61,0.0,16.77,10.84,18.72,0.0,18.72,167.9975,283.09,49.916964710497865
Portugal,PRT,2023,56.42,10.23,46.19,34.41,0.0,18.36,16.05,11.78,0.0,11.78,88.61500000000001,134.25,19.19547650311964
Portugal,PRT,2024,57.78,10.46,47.32,40.32,0.0,21.48,18.84,7.0,0.0,7.0,63.3225,111.55,32.014944841149074
Romania,ROU,2015,58.93,-6.73,65.66,37.83,11.64,9.04,17.15,27.83,18.13,9.7,36.37166666666666,41.91,5.360684883878403
Romania,ROU,2016,59.2,-5.02,64.22,38.26,11.29,8.41,18.56,25.96,15.88,10.08,33.12916666666667,43.09,6.175209173245338
Romania,ROU,2017,60.65,-2.89,63.54,35.8,11.51,9.27,15.02,27.74,16.78,10.96,47.98333333333333,75.2,11.263192937684906
Romania,ROU,2018,61.53,-2.54,64.07,37.57,11.38,8.09,18.1,26.5,15.65,10.85,46.38666666666666,64.21,13.00324947733054
Romania,ROU,2019,60.28,1.52,58.76,35.91,11.28,8.55,16.08,22.85,13.61,9.24,50.350833333333334,74.92,11.340394780953563
Romania,ROU,2020,58.0,2.79,55.21,36.08,11.47,8.68,15.93,19.13,9.36,9.77,39.472500000000004,58.4,10.730766409128135
Romania,ROU,2021,60.76,2.2,58.56,37.62,11.28,8.28,18.06,20.94,10.69,10.25,111.03416666666665,230.14,66.30278596345067
Romania,ROU,2022,55.96,1.22,54.74,34.71,11.09,8.99,14.63,20.03,10.37,9.66,264.52,490.8,97.3877867086012
Romania,ROU,2023,53.93,-3.02,56.95,39.55,11.19,9.78,18.58,17.4,8.06,9.34,103.97833333333334,142.56,18.66968804011335
Romania,ROU,2024,55.68,2.96,52.72,35.43,10.91,9.85,14.67,17.29,7.08,10.21,103.40583333333332,168.04,34.99418535033117
Serbia,SRB,2016,36.69,-1.92,38.61,10.86,0.0,0.04,10.82,27.75,27.24,0.51,52.88,52.88,
Serbia,SRB,2017,37.27,0.83,36.44,9.29,0.0,0.06,9.23,27.15,26.46,0.69,51.04750000000001,82.92,12.801649840405874
Serbia,SRB,2018,36.79,0.12,36.67,10.9,0.0,0.16,10.74,25.77,25.02,0.75,50.10333333333333,64.5,13.26693246269449
Serbia,SRB,2019,36.94,0.08,36.86,10.51,0.0,0.91,9.6,26.35,25.58,0.77,50.46083333333333,75.97,10.895889515470197
Serbia,SRB,2020,36.57,-0.61,37.18,10.16,0.0,0.99,9.17,27.02,26.46,0.56,38.994166666666665,57.95,10.926458678017518
Serbia,SRB,2021,38.11,0.65,37.46,12.55,0.0,1.09,11.46,24.91,23.77,1.14,113.59666666666665,246.37,70.9070177746672
Serbia,SRB,2022,37.59,2.75,34.84,9.82,0.0,0.97,8.85,25.02,23.49,1.53,272.91833333333335,492.45,98.27146999588189
Serbia,SRB,2023,36.98,-2.19,39.17,13.59,0.0,0.96,12.63,25.58,23.54,2.04,103.76166666666667,145.42,19.427432260657206
Serbia,SRB,2024,37.98,0.52,37.46,11.7,0.0,1.14,10.56,25.76,23.48,2.28,101.72500000000001,159.98,31.95922245612368
Slovakia,SVK,2015,29.01,2.39,26.62,21.2,15.15,0.52,5.53,5.42,2.83,2.59,33.56666666666667,42.29,4.642123991398243
Slovakia,SVK,2016,29.45,2.65,26.8,21.4,14.77,0.54,6.09,5.4,2.8,2.6,31.5175,43.08,6.7583862046282235
Slovakia,SVK,2017,30.45,3.03,27.42,21.62,15.08,0.52,6.02,5.8,2.99,2.81,40.969166666666666,58.13,8.149230257384975
Slovakia,SVK,2018,30.34,3.68,26.66,20.65,14.84,0.59,5.22,6.01,3.01,3.0,48.44,61.8,11.489422803763311
Slovakia,SVK,2019,29.91,1.7,28.21,21.93,15.28,0.6,6.05,6.28,2.34,3.94,41.516666666666666,58.83,6.46605448523755
Slovakia,SVK,2020,28.83,0.32,28.51,22.29,15.44,0.66,6.19,6.22,1.86,4.36,33.98916666666667,51.56,10.536087300609303
Slovakia,SVK,2021,30.47,0.77,29.7,22.5,15.73,0.67,6.1,7.2,1.7,5.5,102.4525,231.95,59.5436962734855
Slovakia,SVK,2022,27.95,1.41,26.54,21.74,15.92,0.65,5.17,4.8,1.62,3.18,264.06666666666666,492.47,100.83240499447436
Slovakia,SVK,2023,26.11,-3.42,29.53,25.04,18.33,0.61,6.1,4.49,1.22,3.27,105.00333333333333,146.58,21.274882045750715
Slovakia,SVK,2024,26.56,-2.96,29.52,25.33,18.23,0.69,6.41,4.19,0.52,3.67,92.6325,145.57,27.453508510670446
Slovenia,SVN,2015,14.75,-0.05,14.8,10.0,5.65,0.28,4.07,4.8,4.38,0.42,41.40833333333333,54.02,6.470374210526189
Slovenia,SVN,2016,15.05,-1.18,16.23,10.78,5.72,0.28,4.78,5.45,5.01,0.44,35.56583333333334,49.58,8.033885574505181
Slovenia,SVN,2017,15.53,-0.52,16.05,10.73,6.29,0.29,4.15,5.32,4.82,0.5,49.51166666666666,76.81,11.29500439320075
Slovenia,SVN,2018,15.62,-0.5,16.12,11.0,5.78,0.26,4.96,5.12,4.62,0.5,51.119166666666665,64.13,11.589447753988292
Slovenia,SVN,2019,15.57,-0.32,15.89,10.86,5.82,0.31,4.73,5.03,4.48,0.55,48.725833333333334,68.77,8.852679572087794
Slovenia,SVN,2020,14.89,-2.0,16.89,11.93,6.35,0.38,5.2,4.96,4.36,0.6,37.54416666666667,54.52,10.576792311757881
Slovenia,SVN,2021,15.32,-0.27,15.59,11.15,5.71,0.46,4.98,4.44,3.85,0.59,114.6225,252.4,71.17673561762872
Slovenia,SVN,2022,14.81,1.45,13.36,9.68,5.61,0.66,3.41,3.68,3.13,0.55,273.69166666666666,494.38,97.96539656553443
Slovenia,SVN,2023,14.04,-1.51,15.55,11.9,5.6,0.99,5.31,3.65,3.14,0.51,104.63166666666666,146.65,21.745693756918786
Slovenia,SVN,2024,14.3,-2.41,16.71,12.71,5.84,1.28,5.59,4.0,3.5,0.5,91.28500000000001,137.97,25.36901313162826
Spain,ESP,2015,277.04,-0.13,277.17,154.28,57.2,63.18,33.9,122.89,51.37,71.52,50.26333333333333,59.53,5.268529781694894
Spain,ESP,2016,278.37,7.67,270.7,163.26,58.63,62.54,42.09,107.44,36.43,71.01,39.61333333333334,60.49,12.181425004962069
Spain,ESP,2017,281.55,9.17,272.38,145.97,58.04,63.53,24.4,126.41,45.13,81.28,52.21,71.51,7.995997862567363
Spain,ESP,2018,282.5,11.1,271.4,159.64,55.77,63.63,40.24,111.76,37.34,74.42,57.29583333333333,71.25,9.247093359865067
Spain,ESP,2019,277.38,6.86,270.52,159.34,58.35,70.75,30.24,111.18,12.86,98.32,47.705000000000005,61.96,6.934542653858427
Spain,ESP,2020,262.75,3.28,259.47,172.09,58.3,77.11,36.68,87.38,5.52,81.86,33.95916666666667,41.97,8.174947826726296
Spain,ESP,2021,271.6,0.85,270.75,182.31,56.56,89.16,36.59,88.44,4.86,83.58,111.40666666666668,238.97,68.7502007049412
Spain,ESP,2022,267.35,-19.8,287.15,181.5,58.59,98.5,24.41,105.65,7.86,97.79,167.62833333333333,283.19,49.91625729583743
Spain,ESP,2023,265.88,-13.96,279.84,201.38,56.87,113.6,30.91,78.46,3.62,74.84,87.44,133.49,19.02038189082247
Spain,ESP,2024,271.42,-10.23,281.65,216.32,54.51,121.22,40.59,65.33,2.58,62.75,62.910833333333336,111.25,31.719348112736647
Sweden,SWE,2015,139.4,-22.6,162.0,158.85,56.35,16.42,86.08,3.15,0.39,2.76,22.046666666666667,30.24,6.125041496458071
Sweden,SWE,2016,144.16,-11.73,155.89,152.23,63.1,15.62,73.51,3.66,0.26,3.4,29.214166666666667,41.0,6.480324708942703
Sweden,SWE,2017,145.24,-18.99,164.23,160.76,65.7,17.84,77.22,3.47,0.32,3.15,31.352500000000003,36.25,2.3945169374294197
Sweden,SWE,2018,146.14,-17.22,163.36,159.7,68.55,17.03,74.12,3.66,0.34,3.32,44.78333333333333,54.64,7.325395842029578
Sweden,SWE,2019,142.26,-26.16,168.42,165.07,66.13,20.53,78.41,3.35,0.21,3.14,38.564166666666665,54.34,6.978500045051793
Sweden,SWE,2020,138.78,-25.0,163.78,161.34,49.2,28.57,83.57,2.44,0.0,2.44,20.730833333333333,33.19,8.157354136921574
Sweden,SWE,2021,146.21,-25.57,171.78,168.72,52.97,28.78,86.97,3.06,0.0,3.06,64.22833333333334,156.77,33.71993390302304
Sweden,SWE,2022,139.83,-33.22,173.05,170.17,51.94,35.23,83.0,2.88,0.0,2.88,119.45333333333333,235.2,55.28998270825184
Sweden,SWE,2023,137.4,-28.49,165.89,163.56,48.47,37.2,77.89,2.33,0.0,2.33,51.83416666666667,80.98,20.83631072663704
Sweden,SWE,2024,138.55,-33.44,171.99,169.91,50.67,44.45,74.79,2.08,0.0,2.08,36.12166666666666,68.66,18.06421315667242
Switzerland,CHE,2015,65.04,-1.03,66.07,64.21,23.09,1.23,39.89,1.86,0.0,1.86,40.35583333333333,52.24,8.522457454314809
Switzerland,CHE,2016,65.02,3.92,61.1,58.96,21.15,1.44,36.37,2.14,0.0,2.14,37.85666666666666,60.7,13.647516812648197
Switzerland,CHE,2017,65.7,5.55,60.15,58.14,20.38,1.81,35.95,2.01,0.0,2.01,46.03,76.87,15.67399641560389
Switzerland,CHE,2018,64.7,-1.59,66.29,64.39,25.51,2.07,36.81,1.9,0.0,1.9,52.21,72.97,12.052338890326338
Switzerland,CHE,2019,64.31,-6.26,70.57,68.67,26.42,2.33,39.92,1.9,0.0,1.9,40.95166666666667,62.34,8.196530123204942
Switzerland,CHE,2020,62.93,-5.56,68.49,66.62,24.02,2.74,39.86,1.87,0.0,1.87,33.98833333333334,51.36,10.87506976640805
Switzerland,CHE,2021,65.5,2.41,63.09,61.37,19.36,2.98,39.03,1.72,0.0,1.72,114.56916666666666,282.14,78.59777876323956
Switzerland,CHE,2022,64.87,3.14,61.73,60.14,24.15,4.01,31.98,1.59,0.0,1.59,280.99583333333334,488.14,96.24970936988787
Switzerland,CHE,2023,61.07,-6.39,67.46,66.42,24.36,4.88,37.18,1.04,0.0,1.04,107.78583333333334,157.46,25.81974172757713
Switzerland,CHE,2024,62.28,-13.48,75.76,74.66,24.0,5.93,44.73,1.1,0.0,1.1,75.93916666666667,126.17,26.87185870295383
United Kingdom,GBR,2016,356.93,17.75,339.18,154.74,71.73,47.57,35.44,184.44,30.67,153.77,52.30285714285714,68.54,9.296454009075566
United Kingdom,GBR,2017,352.98,14.76,338.22,169.23,70.34,61.11,37.78,168.99,22.53,146.46,51.6975,62.09,6.236829213339388
United Kingdom,GBR,2018,352.87,19.11,333.76,175.2,65.06,69.58,40.56,158.56,16.83,141.73,64.77583333333332,74.41,6.076001164541949
United Kingdom,GBR,2019,348.36,21.17,327.19,175.92,56.18,76.26,43.48,151.27,6.92,144.35,48.9475,68.58,7.892290973993666
United Kingdom,GBR,2020,328.55,18.25,310.3,183.87,50.24,88.17,45.46,126.43,5.7,120.73,39.4625,60.69,10.478788206311227
United Kingdom,GBR,2021,332.64,24.74,307.9,168.59,46.1,77.06,45.43,139.31,6.79,132.52,136.745,288.48,76.39571947789649
United Kingdom,GBR,2022,320.28,-4.3,324.58,182.46,47.4,93.55,41.51,142.12,5.94,136.18,239.59666666666666,438.03,87.22514121860772
United Kingdom,GBR,2023,315.83,23.3,292.53,176.27,40.6,96.03,39.64,116.26,3.78,112.48,108.09500000000001,153.37,24.496391014336645
United Kingdom,GBR,2024,317.35,33.19,284.16,184.51,40.59,98.07,45.85,99.65,1.9,97.75,85.705,117.07,16.552458482599555
