Area,ISO 3 code,Year,Demand,Net Imports,Total Generation,Clean,Nuclear,Wind and Solar,"Hydro, Bioenergy and Other Renewables",Fossil,Coal,Gas and Other Fossil,balance_error
Austria,AUT,2000,58.27,-1.37,59.64,43.44,0.0,0.07,43.37,16.2,5.72,10.48,0.0
Austria,AUT,2001,61.2,0.22,60.98,42.24,0.0,0.11,42.13,18.74,6.89,11.85,-7.105427357601002e-15
Austria,AUT,2002,61.33,0.7,60.63,41.9,0.0,0.15,41.75,18.73,6.61,12.12,7.105427357601002e-15
Austria,AUT,2003,63.58,5.61,57.97,35.24,0.0,0.38,34.86,22.73,8.44,14.29,0.0
Austria,AUT,2004,64.93,3.08,61.85,39.62,0.0,0.95,38.67,22.23,7.91,14.32,0.0
Austria,AUT,2005,66.99,2.62,64.37,40.88,0.0,1.35,39.53,23.49,7.17,16.32,1.4210854715202004e-14
Austria,AUT,2006,68.55,6.34,62.21,40.66,0.0,1.77,38.89,21.55,7.37,14.18,0.0
Austria,AUT,2007,68.85,6.02,62.83,43.17,0.0,2.06,41.11,19.66,6.6,13.06,0.0
Austria,AUT,2008,69.24,4.86,64.38,44.53,0.0,2.04,42.49,19.85,5.53,14.32,0.0
Austria,AUT,2009,66.99,0.78,66.21,47.18,0.0,2.0,45.18,19.03,3.76,15.27,0.0
Austria,AUT,2010,70.26,2.44,67.82,44.99,0.0,2.15,42.84,22.83,4.92,17.91,-1.4210854715202004e-14
Austria,AUT,2011,70.4,8.2,62.2,40.91,0.0,2.11,38.8,21.29,5.43,15.86,0.0
Austria,AUT,2012,71.45,2.8,68.65,51.33,0.0,2.8,48.53,17.32,4.39,12.93,0.0
Austria,AUT,2013,71.82,7.27,64.55,50.5,0.0,3.78,46.72,14.05,4.21,9.84,0.0
Austria,AUT,2014,70.82,9.27,61.55,50.2,0.0,4.64,45.56,11.35,2.94,8.41,0.0
Austria,AUT,2015,71.84,10.06,61.78,47.59,0.0,5.78,41.81,14.19,2.95,11.24,0.0
Austria,AUT,2016,72.03,7.16,64.87,51.08,0.0,6.33,44.75,13.79,2.04,11.75,0.0
Austria,AUT,2017,73.64,6.55,67.09,51.05,0.0,7.84,43.21,16.04,1.76,14.28,0.0
Austria,AUT,2018,73.62,8.95,64.67,50.06,0.0,7.49,42.57,14.61,1.81,12.8,0.0
Austria,AUT,2019,73.82,3.13,70.69,54.64,0.0,9.15,45.49,16.05,1.5,14.55,0.0
Austria,AUT,2020,71.24,2.2,69.04,55.42,0.0,8.83,46.59,13.62,0.56,13.06,1.4210854715202004e-14
Austria,AUT,2021,74.22,7.54,66.68,52.75,0.0,9.52,43.23,13.93,0.0,13.93,1.4210854715202004e-14
Austria,AUT,2022,73.19,8.7,64.49,50.42,0.0,11.04,39.38,14.07,0.0,14.07,0.0
Austria,AUT,2023,71.21,-0.07,71.28,60.46,0.0,15.23,45.23,10.82,0.0,10.82,1.4210854715202004e-14
Austria,AUT,2024,71.99,-6.78,78.77,67.96,0.0,17.58,50.38,10.81,0.0,10.81,0.0
Belgium,BEL,2000,87.12,4.33,82.79,49.21,48.16,0.02,1.03,33.58,12.92,20.66,0.0
Belgium,BEL,2001,87.74,9.11,78.63,47.43,46.35,0.04,1.04,31.2,9.94,21.26,0.0
Belgium,BEL,2002,88.53,7.59,80.94,48.5,47.36,0.06,1.08,32.44,10.03,22.41,0.0
Belgium,BEL,2003,89.98,6.41,83.57,48.58,47.38,0.09,1.11,34.99,9.64,25.35,-1.4210854715202004e-14
Belgium,BEL,2004,90.69,7.78,82.91,48.81,47.31,0.14,1.36,34.1,9.15,24.95,0.0
Belgium,BEL,2005,90.68,6.3,84.38,49.71,47.6,0.23,1.88,34.67,8.2,26.47,-1.4210854715202004e-14
Belgium,BEL,2006,93.5,10.16,83.34,49.61,46.65,0.37,2.59,33.73,6.85,26.88,0.0
Belgium,BEL,2007,93.59,6.78,86.81,51.72,48.23,0.5,2.99,35.09,6.47,28.62,0.0
Belgium,BEL,2008,93.66,10.6,83.06,49.99,45.57,0.68,3.74,33.07,5.55,27.52,0.0
Belgium,BEL,2009,87.92,-1.84,89.76,52.66,47.22,1.16,4.28,37.1,5.18,31.92,0.0
Belgium,BEL,2010,93.58,0.55,93.03,54.5,47.94,1.87,4.69,38.53,4.2,34.33,0.0
Belgium,BEL,2011,91.81,2.54,89.27,56.58,48.23,3.52,4.83,32.69,3.48,29.21,0.0
Belgium,BEL,2012,91.45,9.94,81.51,50.8,40.29,4.91,5.6,30.71,3.39,27.32,0.0
Belgium,BEL,2013,91.59,9.64,81.95,54.36,42.64,6.31,5.41,27.59,3.01,24.58,0.0
Belgium,BEL,2014,88.8,17.6,71.2,45.91,33.7,7.51,4.7,25.29,2.09,23.2,1.4210854715202004e-14
Belgium,BEL,2015,89.43,21.0,68.43,40.54,26.1,8.63,5.81,27.89,2.07,25.82,0.0
Belgium,BEL,2016,90.49,6.18,84.31,57.77,43.52,8.52,5.73,26.54,0.39,26.15,1.4210854715202004e-14
Belgium,BEL,2017,91.36,6.02,85.34,58.03,42.23,9.83,5.97,27.31,0.0,27.31,0.0
Belgium,BEL,2018,91.2,17.33,73.87,45.76,28.6,11.47,5.69,28.11,0.0,28.11,0.0
Belgium,BEL,2019,90.84,-1.85,92.69,62.97,43.52,14.0,5.45,29.72,0.0,29.72,0.0
Belgium,BEL,2020,87.96,-0.33,88.29,57.88,34.43,17.92,5.53,30.41,0.0,30.41,1.4210854715202004e-14
Belgium,BEL,2021,91.52,-7.88,99.4,73.08,50.33,17.62,5.13,26.32,0.0,26.32,1.4210854715202004e-14
Belgium,BEL,2022,86.8,-7.53,94.33,68.31,43.88,19.23,5.2,26.02,0.0,26.02,0.0
Belgium,BEL,2023,83.79,1.64,82.15,60.41,32.93,23.29,4.19,21.74,0.0,21.74,0.0
Belgium,BEL,2024,86.37,10.34,76.03,58.05,31.25,22.64,4.16,17.98,0.0,17.98,0.0
Bulgaria,BGR,2000,35.97,-4.62,40.59,20.81,18.18,0.0,2.63,19.78,16.94,2.84,7.105427357601002e-15
Bulgaria,BGR,2001,36.51,-6.93,43.44,21.2,19.55,0.0,1.65,22.24,19.5,2.74,0.0
Bulgaria,BGR,2002,35.78,-6.3,42.08,22.34,20.22,0.0,2.12,19.74,17.18,2.56,0.0
Bulgaria,BGR,2003,36.79,-5.49,42.28,20.27,17.28,0.0,2.99,22.01,19.24,2.77,0.0
Bulgaria,BGR,2004,35.48,-5.88,41.36,19.96,16.82,0.0,3.14,21.4,18.9,2.5,0.0
Bulgaria,BGR,2005,36.31,-7.58,43.89,22.95,18.65,0.0,4.3,20.94,18.46,2.48,0.0
Bulgaria,BGR,2006,37.7,-7.74,45.44,23.72,19.49,0.02,4.21,21.72,19.09,2.63,-7.105427357601002e-15
Bulgaria,BGR,2007,38.35,-4.47,42.82,17.52,14.64,0.05,2.83,25.3,22.37,2.93,0.0
Bulgaria,BGR,2008,39.15,-5.34,44.49,18.7,15.77,0.12,2.81,25.79,23.18,2.61,7.105427357601002e-15
Bulgaria,BGR,2009,37.24,-5.07,42.31,18.94,15.26,0.24,3.44,23.37,21.1,2.27,0.0
Bulgaria,BGR,2010,37.48,-8.45,45.93,21.01,15.25,0.69,5.07,24.92,22.61,2.31,7.105427357601002e-15
Bulgaria,BGR,2011,39.3,-10.66,49.96,20.2,16.31,0.96,2.93,29.76,27.53,2.23,0.0
Bulgaria,BGR,2012,38.15,-8.31,46.46,21.03,15.78,2.0,3.25,25.43,22.87,2.56,0.0
Bulgaria,BGR,2013,36.84,-6.18,43.02,21.08,14.17,2.76,4.15,21.94,19.39,2.55,0.0
Bulgaria,BGR,2014,37.46,-9.46,46.92,23.26,15.87,2.59,4.8,23.66,21.31,2.35,0.0
Bulgaria,BGR,2015,38.13,-10.58,48.71,24.13,15.38,2.83,5.92,24.58,22.53,2.05,0.0
Bulgaria,BGR,2016,38.16,-6.37,44.53,22.82,15.78,2.81,4.23,21.71,19.37,2.34,7.105427357601002e-15
Bulgaria,BGR,2017,39.36,-5.48,44.84,21.68,15.55,2.9,3.23,23.16,20.92,2.24,0.0
Bulgaria,BGR,2018,38.7,-7.81,46.51,25.51,16.13,2.66,6.72,21.0,18.66,2.34,-7.105427357601002e-15
Bulgaria,BGR,2019,37.91,-5.81,43.72,24.05,16.56,2.74,4.75,19.67,17.2,2.47,0.0
Bulgaria,BGR,2020,36.73,-3.41,40.14,24.1,16.63,2.95,4.52,16.04,13.51,2.53,7.105427357601002e-15
Bulgaria,BGR,2021,38.44,-8.78,47.22,26.8,16.49,2.9,7.41,20.42,17.09,3.33,0.0
Bulgaria,BGR,2022,38.09,-12.19,50.28,26.09,16.46,3.59,6.04,24.19,21.79,2.4,0.0
Bulgaria,BGR,2023,36.78,-3.33,40.11,26.24,16.16,5.13,4.95,13.87,11.73,2.14,0.0
Bulgaria,BGR,2024,37.34,-0.99,38.33,27.27,15.78,6.98,4.51,11.06,8.76,2.3,-7.105427357601002e-15
Croatia,HRV,2000,14.63,3.42,11.21,6.45,0.0,0.0,6.45,4.76,1.55,3.21,0.0
Croatia,HRV,2001,15.27,2.52,12.75,7.18,0.0,0.0,7.18,5.57,1.64,3.93,0.0
Croatia,HRV,2002,15.73,3.04,12.69,5.85,0.0,0.0,5.85,6.84,2.11,4.73,0.0
Croatia,HRV,2003,16.47,3.31,13.16,5.46,0.0,0.0,5.46,7.7,2.4,5.3,0.0
Croatia,HRV,2004,16.87,3.0,13.87,7.63,0.0,0.0,7.63,6.24,2.14,4.1,-3.552713678800501e-15
Croatia,HRV,2005,17.46,4.41,13.05,7.06,0.0,0.01,7.05,5.99,2.33,3.66,0.0
Croatia,HRV,2006,17.91,5.0,12.91,6.65,0.0,0.02,6.63,6.26,2.25,4.01,0.0
Croatia,HRV,2007,18.44,5.9,12.54,4.74,0.0,0.03,4.71,7.8,2.42,5.38,-3.552713678800501e-15
Croatia,HRV,2008,18.79,6.01,12.78,5.84,0.0,0.04,5.8,6.94,2.49,4.45,0.0
Croatia,HRV,2009,18.35,5.0,13.35,7.48,0.0,0.05,7.43,5.87,1.65,4.22,0.0
Croatia,HRV,2010,18.76,3.97,14.79,9.3,0.0,0.14,9.16,5.49,2.38,3.11,-3.552713678800501e-15
Croatia,HRV,2011,18.38,7.15,11.23,5.28,0.0,0.2,5.08,5.95,2.58,3.37,3.552713678800501e-15
Croatia,HRV,2012,18.0,7.43,10.57,5.26,0.0,0.33,4.93,5.31,2.24,3.07,0.0
Croatia,HRV,2013,17.81,3.87,13.94,9.28,0.0,0.53,8.75,4.66,2.42,2.24,0.0
Croatia,HRV,2014,17.38,3.95,13.43,9.94,0.0,0.77,9.17,3.49,2.37,1.12,0.0
Croatia,HRV,2015,18.03,6.79,11.24,7.52,0.0,0.86,6.66,3.72,2.31,1.41,0.0
Croatia,HRV,2016,18.13,5.53,12.6,8.36,0.0,1.08,7.28,4.24,2.6,1.64,0.0
Croatia,HRV,2017,18.72,6.95,11.77,7.12,0.0,1.28,5.84,4.65,1.37,3.28,0.0
Croatia,HRV,2018,18.91,5.39,13.52,9.78,0.0,1.41,8.37,3.74,1.45,2.29,0.0
Croatia,HRV,2019,18.78,6.13,12.65,8.35,0.0,1.55,6.8,4.3,1.64,2.66,0.0
Croatia,HRV,2020,17.87,4.64,13.23,8.55,0.0,1.82,6.73,4.68,1.22,3.46,0.0
Croatia,HRV,2021,19.07,3.96,15.11,10.53,0.0,2.21,8.32,4.58,1.46,3.12,0.0
Croatia,HRV,2022,18.79,4.69,14.1,8.95,0.0,2.29,6.66,5.15,1.56,3.59,0.0
Croatia,HRV,2023,18.81,1.58,17.23,12.02,0.0,2.79,9.23,5.21,1.33,3.88,3.552713678800501e-15
Croatia,HRV,2024,19.48,4.36,15.12,11.06,0.0,3.29,7.77,4.06,0.8,3.26,0.0
Czechia,CZE,2000,62.88,-10.02,72.9,15.87,13.59,0.0,2.28,57.03,52.75,4.28,7.105427357601002e-15
Czechia,CZE,2001,64.68,-9.54,74.22,17.32,14.75,0.0,2.57,56.9,52.59,4.31,0.0
Czechia,CZE,2002,64.61,-11.39,76.0,21.73,18.74,0.0,2.99,54.27,49.91,4.36,0.0
Czechia,CZE,2003,66.58,-16.21,82.79,27.74,25.87,0.0,1.87,55.05,50.77,4.28,1.4210854715202004e-14
Czechia,CZE,2004,68.07,-15.72,83.79,29.07,26.33,0.01,2.73,54.72,50.31,4.41,1.4210854715202004e-14
Czechia,CZE,2005,69.3,-12.63,81.93,27.86,24.73,0.02,3.11,54.07,49.52,4.55,1.4210854715202004e-14
Czechia,CZE,2006,71.03,-12.63,83.66,29.57,26.05,0.05,3.47,54.09,49.65,4.44,0.0
Czechia,CZE,2007,71.62,-16.15,87.77,29.59,26.17,0.13,3.29,58.18,53.79,4.39,0.0
Czechia,CZE,2008,71.81,-11.47,83.28,30.27,26.55,0.25,3.47,53.01,48.77,4.24,0.0
Czechia,CZE,2009,68.0,-13.64,81.64,31.87,27.21,0.38,4.28,49.77,45.94,3.83,0.0
Czechia,CZE,2010,70.27,-14.95,85.22,33.91,28.0,0.96,4.95,51.31,46.9,4.41,0.0
Czechia,CZE,2011,69.6,-17.04,86.64,35.52,28.28,2.58,4.66,51.12,46.68,4.44,0.0
Czechia,CZE,2012,69.46,-17.12,86.58,38.39,30.32,2.57,5.5,48.19,43.98,4.21,0.0
Czechia,CZE,2013,69.02,-16.89,85.91,40.05,30.75,2.51,6.79,45.86,41.12,4.74,0.0
Czechia,CZE,2014,68.68,-16.3,84.98,39.5,30.33,2.6,6.57,45.48,40.73,4.75,0.0
Czechia,CZE,2015,69.98,-12.51,82.49,36.25,26.84,2.83,6.58,46.24,41.14,5.1,-1.4210854715202004e-14
Czechia,CZE,2016,71.03,-10.97,82.0,33.49,24.1,2.63,6.76,48.51,41.97,6.54,0.0
Czechia,CZE,2017,72.72,-13.04,85.76,37.97,28.34,2.79,6.84,47.79,41.44,6.35,0.0
Czechia,CZE,2018,72.93,-13.91,86.84,39.35,29.92,2.97,6.46,47.49,41.2,6.29,0.0
Czechia,CZE,2019,72.62,-13.1,85.72,40.31,30.25,3.02,7.04,45.41,37.33,8.08,0.0
Czechia,CZE,2020,69.95,-10.15,80.1,40.38,30.04,2.99,7.35,39.72,31.0,8.72,-1.4210854715202004e-14
Czechia,CZE,2021,72.58,-11.08,83.66,41.37,30.73,2.85,7.79,42.29,34.18,8.11,0.0
Czechia,CZE,2022,70.2,-13.53,83.73,41.79,31.02,3.27,7.5,41.94,36.88,5.06,0.0
Czechia,CZE,2023,66.63,-9.18,75.81,41.56,30.41,3.6,7.55,34.25,29.94,4.31,0.0
Czechia,CZE,2024,66.16,-6.66,72.82,42.01,29.7,4.27,8.04,30.81,26.52,4.29,0.0
Denmark,DNK,2000,36.51,0.66,35.85,5.57,0.0,4.24,1.33,30.28,16.67,13.61,0.0
Denmark,DNK,2001,36.97,-0.57,37.54,5.85,0.0,4.31,1.54,31.69,17.82,13.87,0.0
Denmark,DNK,2002,37.03,-2.07,39.1,6.79,0.0,4.88,1.91,32.31,18.26,14.05,0.0
Denmark,DNK,2003,37.42,-8.55,45.97,8.07,0.0,5.56,2.51,37.9,25.31,12.59,0.0
Denmark,DNK,2004,37.37,-2.87,40.24,9.53,0.0,6.59,2.94,30.71,18.67,12.04,7.105427357601002e-15
Denmark,DNK,2005,37.45,1.37,36.08,9.8,0.0,6.61,3.19,26.28,15.46,10.82,-7.105427357601002e-15
Denmark,DNK,2006,38.51,-6.93,45.44,9.19,0.0,6.1,3.09,36.25,24.57,11.68,0.0
Denmark,DNK,2007,38.19,-0.95,39.14,10.3,0.0,7.17,3.13,28.84,19.89,8.95,0.0
Denmark,DNK,2008,37.93,1.45,36.48,10.1,0.0,6.93,3.17,26.38,17.46,8.92,0.0
Denmark,DNK,2009,36.58,0.33,36.25,10.07,0.0,6.73,3.34,26.18,17.69,8.49,0.0
Denmark,DNK,2010,37.61,-1.14,38.75,12.43,0.0,7.82,4.61,26.32,17.01,9.31,0.0
Denmark,DNK,2011,36.43,1.32,35.11,14.17,0.0,9.78,4.39,20.94,13.98,6.96,0.0
Denmark,DNK,2012,35.78,5.21,30.57,14.84,0.0,10.37,4.47,15.73,10.54,5.19,0.0
Denmark,DNK,2013,35.69,1.08,34.61,15.96,0.0,11.64,4.32,18.65,14.29,4.36,0.0
Denmark,DNK,2014,34.89,2.85,32.04,17.99,0.0,13.68,4.31,14.05,11.06,2.99,0.0
Denmark,DNK,2015,34.69,5.91,28.78,18.93,0.0,14.73,4.2,9.85,7.11,2.74,0.0
Denmark,DNK,2016,35.46,5.06,30.4,18.39,0.0,13.52,4.87,12.01,8.87,3.14,0.0
Denmark,DNK,2017,35.46,4.56,30.9,21.8,0.0,15.53,6.27,9.1,6.21,2.89,0.0
Denmark,DNK,2018,35.43,5.22,30.21,20.75,0.0,14.85,5.9,9.46,6.57,2.89,0.0
Denmark,DNK,2019,35.18,5.81,29.37,23.07,0.0,17.11,5.96,6.3,3.31,2.99,0.0
Denmark,DNK,2020,35.46,6.88,28.58,23.45,0.0,17.51,5.94,5.13,3.06,2.07,0.0
Denmark,DNK,2021,37.79,4.87,32.92,26.1,0.0,17.36,8.74,6.82,4.37,2.45,0.0
Denmark,DNK,2022,36.53,1.36,35.17,28.44,0.0,21.41,7.03,6.73,4.43,2.3,0.0
Denmark,DNK,2023,37.14,3.13,34.01,29.4,0.0,23.17,6.23,4.61,2.53,2.08,0.0
Denmark,DNK,2024,38.89,3.71,35.18,31.39,0.0,24.31,7.08,3.79,1.75,2.04,0.0
Estonia,EST,2000,7.58,-0.93,8.51,0.01,0.0,0.0,0.01,8.5,0.0,8.5,0.0
Estonia,EST,2001,7.87,-0.62,8.49,0.02,0.0,0.0,0.02,8.47,0.0,8.47,0.0
Estonia,EST,2002,7.84,-0.69,8.53,0.03,0.0,0.0,0.03,8.5,0.0,8.5,0.0
Estonia,EST,2003,8.26,-1.9,10.16,0.05,0.0,0.01,0.04,10.11,0.0,10.11,0.0
Estonia,EST,2004,8.52,-1.79,10.31,0.06,0.0,0.01,0.05,10.25,0.0,10.25,0.0
Estonia,EST,2005,8.59,-1.61,10.2,0.11,0.0,0.05,0.06,10.09,0.0,10.09,0.0
Estonia,EST,2006,8.98,-0.75,9.73,0.13,0.0,0.08,0.05,9.6,0.0,9.6,0.0
Estonia,EST,2007,9.76,-2.42,12.18,0.14,0.0,0.09,0.05,12.04,0.0,12.04,0.0
Estonia,EST,2008,9.64,-0.94,10.58,0.2,0.0,0.13,0.07,10.38,0.0,10.38,0.0
Estonia,EST,2009,8.86,0.08,8.78,0.54,0.0,0.2,0.34,8.24,0.0,8.24,0.0
Estonia,EST,2010,9.72,-3.25,12.97,1.05,0.0,0.28,0.77,11.92,0.0,11.92,0.0
Estonia,EST,2011,9.33,-3.56,12.89,1.18,0.0,0.37,0.81,11.71,0.0,11.71,0.0
Estonia,EST,2012,9.72,-2.24,11.96,1.47,0.0,0.43,1.04,10.49,0.0,10.49,0.0
Estonia,EST,2013,9.69,-3.59,13.28,1.23,0.0,0.53,0.7,12.05,0.01,12.04,0.0
Estonia,EST,2014,9.7,-2.75,12.45,1.39,0.0,0.6,0.79,11.06,0.01,11.05,0.0
Estonia,EST,2015,9.23,-0.92,10.15,1.56,0.0,0.71,0.85,8.59,0.0,8.59,0.0
Estonia,EST,2016,10.13,-2.04,12.17,1.59,0.0,0.6,0.99,10.58,0.0,10.58,-1.7763568394002505e-15
Estonia,EST,2017,10.43,-2.73,13.16,1.86,0.0,0.73,1.13,11.3,0.02,11.28,0.0
Estonia,EST,2018,10.47,-1.9,12.37,1.99,0.0,0.67,1.32,10.38,0.0,10.38,-1.7763568394002505e-15
Estonia,EST,2019,9.77,2.16,7.61,2.14,0.0,0.76,1.38,5.47,0.0,5.47,0.0
Estonia,EST,2020,9.72,3.64,6.08,2.97,0.0,1.09,1.88,3.11,0.0,3.11,0.0
Estonia,EST,2021,9.82,2.63,7.19,2.87,0.0,1.08,1.79,4.32,0.0,4.32,0.0
Estonia,EST,2022,9.95,1.01,8.94,2.86,0.0,1.27,1.59,6.08,0.0,6.08,0.0
Estonia,EST,2023,9.15,3.3,5.85,2.91,0.0,1.51,1.4,2.94,0.0,2.94,-1.7763568394002505e-15
Estonia,EST,2024,9.1,2.9,6.2,3.45,0.0,2.02,1.43,2.75,0.0,2.75,0.0
Finland,FIN,2000,81.85,11.88,69.97,45.86,22.48,0.08,23.3,24.11,8.49,15.62,0.0
Finland,FIN,2001,84.41,9.96,74.45,44.31,22.77,0.07,21.47,30.14,10.61,19.53,0.0
Finland,FIN,2002,86.84,11.92,74.92,42.13,22.3,0.06,19.77,32.79,12.71,20.08,0.0
Finland,FIN,2003,89.13,4.85,84.28,41.79,22.73,0.09,18.97,42.49,19.25,23.24,0.0
Finland,FIN,2004,90.71,4.87,85.84,48.35,22.72,0.12,25.51,37.49,16.5,20.99,1.4210854715202004e-14
Finland,FIN,2005,87.57,17.01,70.56,46.73,23.27,0.17,23.29,23.83,6.5,17.33,1.4210854715202004e-14
Finland,FIN,2006,93.69,11.4,82.29,45.37,22.91,0.16,22.3,36.92,16.33,20.59,1.4210854715202004e-14
Finland,FIN,2007,93.73,12.56,81.17,47.74,23.42,0.19,24.13,33.43,13.89,19.54,0.0
Finland,FIN,2008,90.12,12.77,77.35,50.73,22.96,0.26,27.51,26.62,8.5,18.12,-1.4210854715202004e-14
Finland,FIN,2009,84.15,12.09,72.06,45.23,23.53,0.28,21.42,26.83,11.13,15.7,0.0
Finland,FIN,2010,91.14,10.5,80.64,46.98,22.8,0.29,23.89,33.66,14.54,19.12,0.0
Finland,FIN,2011,87.35,13.85,73.5,47.37,23.19,0.49,23.69,26.13,9.78,16.35,0.0
Finland,FIN,2012,87.85,17.44,70.41,51.55,22.99,0.5,28.06,18.86,7.1,11.76,0.0
Finland,FIN,2013,86.97,15.71,71.26,49.24,23.61,0.78,24.85,22.02,10.69,11.33,0.0
Finland,FIN,2014,86.07,17.97,68.1,49.86,23.58,1.12,25.16,18.24,7.92,10.32,0.0
Finland,FIN,2015,84.95,16.34,68.61,53.78,23.25,2.34,28.19,14.83,5.12,9.71,0.0
Finland,FIN,2016,87.7,18.95,68.75,53.61,23.2,3.09,27.32,15.14,6.97,8.17,0.0
Finland,FIN,2017,87.95,20.43,67.52,53.95,22.48,4.84,26.63,13.57,5.86,7.71,-1.4210854715202004e-14
Finland,FIN,2018,90.17,19.94,70.23,54.93,22.79,5.93,26.21,15.3,5.79,9.51,0.0
Finland,FIN,2019,88.65,20.04,68.61,55.75,23.87,6.17,25.71,12.86,4.36,8.5,0.0
Finland,FIN,2020,84.34,15.1,69.24,59.22,23.29,8.48,27.45,10.02,2.44,7.58,-1.4210854715202004e-14
Finland,FIN,2021,89.88,17.77,72.11,61.78,23.6,8.81,29.37,10.33,2.67,7.66,0.0
Finland,FIN,2022,84.69,12.52,72.17,64.0,25.34,12.41,26.25,8.17,3.44,4.73,0.0
Finland,FIN,2023,82.86,1.72,81.14,76.23,34.31,15.38,26.54,4.91,1.56,3.35,0.0
Finland,FIN,2024,85.35,3.18,82.17,78.33,32.6,21.04,24.69,3.84,0.83,3.01,1.4210854715202004e-14
France,FRA,2000,463.08,-69.48,532.56,482.99,415.16,0.06,67.77,49.57,27.0,22.57,-5.684341886080802e-14
France,FRA,2001,474.21,-68.39,542.6,497.17,421.08,0.14,75.95,45.43,20.48,24.95,5.684341886080802e-14
France,FRA,2002,474.21,-77.03,551.24,499.45,436.76,0.28,62.41,51.79,23.66,28.13,5.684341886080802e-14
France,FRA,2003,492.72,-66.41,559.13,502.54,441.07,0.4,61.07,56.59,26.26,30.33,0.0
France,FRA,2004,504.39,-61.91,566.3,510.66,448.24,0.6,61.82,55.64,24.37,31.27,0.0
France,FRA,2005,508.81,-60.33,569.14,506.51,451.53,0.97,54.01,62.63,27.51,35.12,0.0
France,FRA,2006,503.96,-63.34,567.3,511.1,450.19,2.19,58.72,56.2,22.89,33.31,-5.684341886080802e-14
France,FRA,2007,505.03,-56.81,561.84,504.03,439.73,4.09,60.21,57.81,24.45,33.36,5.684341886080802e-14
France,FRA,2008,518.99,-47.99,566.98,511.78,439.45,5.73,66.6,55.2,23.06,32.14,0.0
France,FRA,2009,502.94,-25.93,528.87,477.89,409.74,8.08,60.07,50.98,21.67,29.31,0.0
France,FRA,2010,531.65,-30.71,562.36,505.2,428.52,10.56,66.12,57.16,23.36,33.8,0.0
France,FRA,2011,511.24,-56.41,567.65,508.41,442.39,14.7,51.32,59.24,17.39,41.85,0.0
France,FRA,2012,523.06,-44.52,567.58,510.66,425.41,19.61,65.64,56.92,21.46,35.46,1.1368683772161603e-13
France,FRA,2013,528.29,-48.46,576.75,523.11,423.68,21.33,78.1,53.64,23.84,29.8,0.0
France,FRA,2014,499.12,-67.19,566.31,530.51,436.48,23.71,70.32,35.8,11.26,24.54,-5.684341886080802e-14
France,FRA,2015,510.08,-64.06,574.14,529.27,437.43,29.17,62.67,44.87,11.89,32.98,0.0
France,FRA,2016,517.34,-41.5,558.84,502.2,403.2,30.04,68.96,56.64,10.23,46.41,0.0
France,FRA,2017,515.61,-40.13,555.74,490.27,398.36,33.48,58.43,65.47,12.81,52.66,0.0
France,FRA,2018,513.27,-62.97,576.24,526.79,412.94,39.75,74.1,49.45,8.31,41.14,0.0
France,FRA,2019,507.85,-57.67,565.52,511.91,399.01,46.74,66.16,53.61,3.64,49.97,-5.684341886080802e-14
France,FRA,2020,482.21,-45.04,527.25,478.86,353.83,53.14,71.89,48.39,3.09,45.3,0.0
France,FRA,2021,505.42,-44.89,550.31,501.46,379.36,52.4,69.7,48.85,5.44,43.41,-5.684341886080802e-14
France,FRA,2022,483.19,14.94,468.25,407.9,294.73,57.34,55.83,60.35,4.16,56.19,0.0
France,FRA,2023,466.39,-50.47,516.86,475.8,338.2,70.64,66.96,41.06,1.61,39.45,0.0
France,FRA,2024,470.26,-89.85,560.11,531.45,380.45,67.87,83.13,28.66,1.02,27.64,0.0
Germany,DEU,2000,572.01,3.06,568.95,205.02,169.61,9.35,26.06,363.93,296.68,67.25,0.0
Germany,DEU,2001,582.6,3.66,578.94,209.18,171.3,10.56,27.32,369.76,293.74,76.02,0.0
Germany,DEU,2002,593.76,10.0,583.76,209.33,164.84,16.06,28.43,374.43,299.6,74.83,0.0
Germany,DEU,2003,598.76,-3.27,602.03,211.73,165.06,19.4,27.27,390.3,304.63,85.67,0.0
Germany,DEU,2004,606.98,-2.62,609.6,225.04,167.07,26.58,31.39,384.56,298.77,85.79,0.0
Germany,DEU,2005,608.77,-4.57,613.34,226.48,163.05,29.08,34.35,386.86,288.14,98.72,0.0
Germany,DEU,2006,613.22,-16.98,630.2,239.83,167.27,33.59,38.97,390.37,288.93,101.44,0.0
Germany,DEU,2007,614.54,-16.56,631.1,229.97,140.53,43.65,45.79,401.13,297.1,104.03,1.1368683772161603e-13
Germany,DEU,2008,612.19,-20.1,632.29,242.86,148.49,45.89,48.48,389.43,275.21,114.22,-1.1368683772161603e-13
Germany,DEU,2009,575.69,-12.27,587.96,231.01,134.93,46.14,49.94,356.95,253.45,103.5,0.0
Germany,DEU,2010,609.26,-14.95,624.21,245.97,140.56,50.51,54.9,378.24,262.89,115.35,0.0
Germany,DEU,2011,601.23,-3.77,605.0,232.4,107.97,69.85,54.58,372.6,262.46,110.14,0.0
Germany,DEU,2012,599.27,-20.54,619.81,242.86,99.46,78.42,64.98,376.95,276.23,100.72,0.0
Germany,DEU,2013,597.5,-32.19,629.69,249.24,97.29,83.36,68.59,380.45,288.2,92.25,0.0
Germany,DEU,2014,584.87,-33.88,618.75,259.06,97.13,93.95,67.98,359.69,274.41,85.28,0.0
Germany,DEU,2015,590.89,-48.28,639.17,279.93,91.79,118.7,69.44,359.24,272.2,87.04,0.0
Germany,DEU,2016,591.0,-50.52,641.52,273.76,84.63,117.48,71.65,367.76,261.75,106.01,0.0
Germany,DEU,2017,592.0,-52.46,644.46,292.0,76.32,144.45,71.23,352.46,241.26,111.2,0.0
Germany,DEU,2018,583.54,-48.74,632.28,298.93,76.0,154.27,68.66,333.35,228.16,105.19,0.0
Germany,DEU,2019,567.42,-32.67,600.09,316.24,75.07,171.11,70.06,283.85,171.45,112.4,1.1368683772161603e-13
Germany,DEU,2020,547.72,-19.03,566.75,315.87,64.38,181.61,69.88,250.88,134.6,116.28,0.0
Germany,DEU,2021,560.25,-18.58,578.83,301.63,69.13,163.5,69.0,277.2,164.65,112.55,0.0
Germany,DEU,2022,539.62,-27.26,566.88,286.25,34.71,185.11,66.43,280.63,179.93,100.7,0.0
Germany,DEU,2023,512.91,9.22,503.69,281.29,7.22,201.38,72.69,222.4,124.78,97.62,0.0
Germany,DEU,2024,519.27,26.27,493.0,287.87,0.0,212.74,75.13,205.13,106.33,98.8,0.0
Greece,GRC,2000,52.93,-0.01,52.94,4.14,0.0,0.45,3.69,48.8,34.31,14.49,0.0
Greece,GRC,2001,55.04,2.5,52.54,2.94,0.0,0.76,2.18,49.6,35.43,14.17,0.0
Greece,GRC,2002,56.26,2.9,53.36,3.58,0.0,0.65,2.93,49.78,34.57,15.21,0.0
Greece,GRC,2003,59.37,2.09,57.28,5.89,0.0,1.02,4.87,51.39,35.17,16.22,7.105427357601002e-15
Greece,GRC,2004,61.04,2.82,58.22,5.91,0.0,1.12,4.79,52.31,35.38,16.93,0.0
Greece,GRC,2005,62.51,3.78,58.73,6.41,0.0,1.27,5.14,52.32,35.54,16.78,0.0
Greece,GRC,2006,63.61,4.2,59.41,7.67,0.0,1.7,5.97,51.74,32.26,19.48,0.0
Greece,GRC,2007,66.76,4.36,62.4,4.59,0.0,1.82,2.77,57.81,34.68,23.13,0.0
Greece,GRC,2008,67.79,5.61,62.18,5.75,0.0,2.25,3.5,56.43,33.36,23.07,0.0
Greece,GRC,2009,64.71,4.37,60.34,8.16,0.0,2.59,5.57,52.18,34.19,17.99,1.4210854715202004e-14
Greece,GRC,2010,62.32,5.71,56.61,10.53,0.0,2.87,7.66,46.08,30.8,15.28,0.0
Greece,GRC,2011,61.68,3.23,58.45,8.15,0.0,3.93,4.22,50.3,31.07,19.23,0.0
Greece,GRC,2012,61.69,1.78,59.91,10.13,0.0,5.54,4.59,49.78,31.11,18.67,0.0
Greece,GRC,2013,58.26,1.89,56.37,14.36,0.0,7.79,6.57,42.01,26.4,15.61,0.0
Greece,GRC,2014,58.44,8.82,49.62,12.18,0.0,7.48,4.7,37.44,25.75,11.69,0.0
Greece,GRC,2015,60.66,9.61,51.05,14.85,0.0,8.52,6.33,36.2,22.11,14.09,0.0
Greece,GRC,2016,62.64,8.8,53.84,14.89,0.0,9.08,5.81,38.95,18.88,20.07,0.0
Greece,GRC,2017,61.04,6.24,54.8,13.8,0.0,9.53,4.27,41.0,18.76,22.24,0.0
Greece,GRC,2018,58.89,6.28,52.61,16.14,0.0,10.09,6.05,36.47,17.19,19.28,0.0
Greece,GRC,2019,57.89,9.94,47.95,16.1,0.0,11.7,4.4,31.85,12.12,19.73,0.0
Greece,GRC,2020,56.37,8.86,47.51,17.55,0.0,13.76,3.79,29.96,6.61,23.35,0.0
Greece,GRC,2021,57.92,3.68,54.24,22.13,0.0,15.73,6.4,32.11,5.32,26.79,0.0
Greece,GRC,2022,55.12,3.45,51.67,22.45,0.0,18.02,4.43,29.22,5.76,23.46,7.105427357601002e-15
Greece,GRC,2023,53.74,4.91,48.83,24.28,0.0,19.81,4.47,24.55,4.59,19.96,-7.105427357601002e-15
Greece,GRC,2024,56.67,-0.31,56.98,28.0,0.0,23.71,4.29,28.98,3.27,25.71,-7.105427357601002e-15
Hungary,HUN,2000,38.63,3.44,35.19,14.42,14.18,0.0,0.24,20.77,9.59,11.18,-7.105427357601002e-15
Hungary,HUN,2001,39.59,3.17,36.42,14.39,14.13,0.0,0.26,22.03,8.84,13.19,0.0
Hungary,HUN,2002,40.41,4.26,36.15,14.18,13.95,0.0,0.23,21.97,8.98,12.99,0.0
Hungary,HUN,2003,41.07,6.94,34.13,11.34,11.01,0.0,0.33,22.79,9.17,13.62,0.0
Hungary,HUN,2004,41.18,7.47,33.71,12.85,11.91,0.01,0.93,20.86,8.18,12.68,0.0
Hungary,HUN,2005,41.98,6.23,35.75,15.7,13.83,0.01,1.86,20.05,7.02,13.03,7.105427357601002e-15
Hungary,HUN,2006,43.06,7.21,35.85,14.95,13.46,0.04,1.45,20.9,7.0,13.9,0.0
Hungary,HUN,2007,43.95,3.99,39.96,16.56,14.68,0.11,1.77,23.4,7.37,16.03,0.0
Hungary,HUN,2008,43.92,3.9,40.02,17.17,14.82,0.2,2.15,22.85,7.08,15.77,0.0
Hungary,HUN,2009,41.42,5.51,35.91,18.32,15.43,0.33,2.56,17.59,6.34,11.25,-7.105427357601002e-15
Hungary,HUN,2010,42.56,5.2,37.36,18.78,15.76,0.53,2.49,18.58,6.23,12.35,0.0
Hungary,HUN,2011,42.66,6.64,36.02,18.4,15.69,0.63,2.08,17.62,6.48,11.14,7.105427357601002e-15
Hungary,HUN,2012,42.59,7.97,34.62,18.43,15.79,0.78,1.86,16.19,6.34,9.85,-7.105427357601002e-15
Hungary,HUN,2013,42.15,11.88,30.27,18.15,15.37,0.74,2.04,12.12,6.3,5.82,0.0
Hungary,HUN,2014,42.78,13.39,29.39,18.81,15.65,0.73,2.43,10.58,5.99,4.59,0.0
Hungary,HUN,2015,44.02,13.69,30.33,19.05,15.83,0.83,2.39,11.28,5.79,5.49,-7.105427357601002e-15
Hungary,HUN,2016,44.59,12.71,31.88,19.3,16.05,0.92,2.33,12.58,5.63,6.95,0.0
Hungary,HUN,2017,45.8,12.88,32.92,19.58,16.1,1.11,2.37,13.34,4.93,8.41,7.105427357601002e-15
Hungary,HUN,2018,46.4,14.35,32.05,19.5,15.73,1.24,2.53,12.55,4.67,7.88,0.0
Hungary,HUN,2019,46.86,12.58,34.28,20.99,16.29,2.23,2.47,13.29,4.03,9.26,0.0
Hungary,HUN,2020,46.6,11.68,34.92,21.58,16.06,3.11,2.41,13.34,3.71,9.63,0.0
Hungary,HUN,2021,48.85,12.75,36.1,22.9,15.99,4.46,2.45,13.2,3.01,10.19,0.0
Hungary,HUN,2022,47.93,12.15,35.78,23.47,15.81,5.34,2.32,12.31,2.99,9.32,0.0
Hungary,HUN,2023,46.62,11.1,35.52,25.28,15.92,7.56,1.8,10.24,2.49,7.75,7.105427357601002e-15
Hungary,HUN,2024,48.71,10.73,37.98,27.96,16.02,9.87,2.07,10.02,2.44,7.58,-7.105427357601002e-15
Ireland,IRL,2000,23.72,0.1,23.62,1.18,0.0,0.24,0.94,22.44,6.82,15.62,3.552713678800501e-15
Ireland,IRL,2001,24.33,-0.25,24.58,1.03,0.0,0.33,0.7,23.55,7.06,16.49,0.0
Ireland,IRL,2002,25.3,0.5,24.8,1.38,0.0,0.39,0.99,23.42,6.82,16.6,0.0
Ireland,IRL,2003,25.99,1.17,24.82,1.14,0.0,0.45,0.69,23.68,6.2,17.48,3.552713678800501e-15
Ireland,IRL,2004,26.75,1.57,25.18,1.39,0.0,0.65,0.74,23.79,6.23,17.56,0.0
Ireland,IRL,2005,27.62,2.04,25.58,1.87,0.0,1.11,0.76,23.71,6.39,17.32,-3.552713678800501e-15
Ireland,IRL,2006,28.85,1.78,27.07,2.47,0.0,1.62,0.85,24.6,5.88,18.72,0.0
Ireland,IRL,2007,29.66,1.33,28.33,2.81,0.0,1.96,0.85,25.52,5.44,20.08,-3.552713678800501e-15
Ireland,IRL,2008,30.34,0.45,29.89,3.6,0.0,2.41,1.19,26.29,5.14,21.15,0.0
Ireland,IRL,2009,28.7,0.76,27.94,4.12,0.0,2.96,1.16,23.82,4.0,19.82,3.552713678800501e-15
Ireland,IRL,2010,28.58,0.47,28.11,3.72,0.0,2.81,0.91,24.39,3.55,20.84,0.0
Ireland,IRL,2011,27.62,0.49,27.13,5.43,0.0,4.38,1.05,21.7,3.94,17.76,-3.552713678800501e-15
Ireland,IRL,2012,27.5,0.41,27.09,5.25,0.0,4.01,1.24,21.84,5.02,16.82,0.0
Ireland,IRL,2013,27.78,2.24,25.54,5.63,0.0,4.54,1.09,19.91,4.28,15.63,0.0
Ireland,IRL,2014,27.93,2.15,25.78,6.39,0.0,5.14,1.25,19.39,3.96,15.43,0.0
Ireland,IRL,2015,28.72,0.67,28.05,7.86,0.0,6.57,1.29,20.19,4.87,15.32,3.552713678800501e-15
Ireland,IRL,2016,29.49,-0.71,30.2,7.51,0.0,6.15,1.36,22.69,4.7,17.99,0.0
Ireland,IRL,2017,29.98,-0.68,30.66,8.88,0.0,7.45,1.43,21.78,3.64,18.14,0.0
Ireland,IRL,2018,30.87,-0.03,30.9,10.2,0.0,8.66,1.54,20.7,2.15,18.55,-3.552713678800501e-15
Ireland,IRL,2019,31.35,0.64,30.71,11.79,0.0,10.05,1.74,18.92,0.51,18.41,0.0
Ireland,IRL,2020,31.82,-0.15,31.97,13.46,0.0,11.61,1.85,18.51,0.67,17.84,0.0
Ireland,IRL,2021,33.17,1.59,31.58,11.6,0.0,9.86,1.74,19.98,2.72,17.26,0.0
Ireland,IRL,2022,33.86,0.25,33.61,13.07,0.0,11.36,1.71,20.54,2.37,18.17,0.0
Ireland,IRL,2023,34.57,3.27,31.3,14.03,0.0,12.26,1.77,17.27,1.21,16.06,0.0
Ireland,IRL,2024,36.02,5.06,30.96,14.25,0.0,12.48,1.77,16.71,0.63,16.08,0.0
Italy,ITA,2000,314.29,44.35,269.94,50.87,0.0,0.58,50.29,219.07,26.28,192.79,0.0
Italy,ITA,2001,320.28,48.38,271.9,54.35,0.0,1.2,53.15,217.55,31.73,185.82,0.0
Italy,ITA,2002,328.13,50.6,277.53,48.31,0.0,1.42,46.89,229.22,35.45,193.77,0.0
Italy,ITA,2003,337.24,50.97,286.27,46.86,0.0,1.48,45.38,239.41,38.81,200.6,0.0
Italy,ITA,2004,339.34,45.63,293.71,53.87,0.0,1.87,52.0,239.84,45.52,194.32,0.0
Italy,ITA,2005,343.78,49.15,294.63,48.43,0.0,2.37,46.06,246.2,43.61,202.59,0.0
Italy,ITA,2006,350.6,44.99,305.61,50.64,0.0,3.01,47.63,254.97,44.21,210.76,0.0
Italy,ITA,2007,352.45,46.28,306.17,47.72,0.0,4.07,43.65,258.45,44.11,214.34,5.684341886080802e-14
Italy,ITA,2008,351.6,40.03,311.57,58.16,0.0,5.05,53.11,253.41,43.07,210.34,0.0
Italy,ITA,2009,331.32,44.96,286.36,69.26,0.0,7.22,62.04,217.1,39.74,177.36,0.0
Italy,ITA,2010,340.79,44.16,296.63,76.97,0.0,11.03,65.94,219.66,39.73,179.93,-5.684341886080802e-14
Italy,ITA,2011,344.1,45.73,298.37,82.95,0.0,20.65,62.3,215.42,44.73,170.69,0.0
Italy,ITA,2012,338.35,43.1,295.25,92.22,0.0,32.27,59.95,203.03,49.14,153.89,0.0
Italy,ITA,2013,328.16,42.14,286.02,112.0,0.0,36.49,75.51,174.02,45.1,128.92,-5.684341886080802e-14
Italy,ITA,2014,320.25,43.72,276.53,120.68,0.0,37.49,83.19,155.85,43.45,112.4,0.0
Italy,ITA,2015,326.08,46.38,279.7,108.89,0.0,37.78,71.11,170.81,43.2,127.61,0.0
Italy,ITA,2016,322.98,37.03,285.95,108.01,0.0,39.79,68.22,177.94,35.61,142.33,0.0
Italy,ITA,2017,329.85,37.76,292.09,103.89,0.0,42.12,61.77,188.2,32.63,155.57,-5.684341886080802e-14
Italy,ITA,2018,329.96,43.9,286.06,114.41,0.0,40.37,74.04,171.65,28.47,143.18,0.0
Italy,ITA,2019,328.13,38.14,289.99,115.83,0.0,43.89,71.94,174.16,18.84,155.32,0.0
Italy,ITA,2020,309.01,32.2,276.81,116.9,0.0,43.7,73.2,159.91,13.38,146.53,0.0
Italy,ITA,2021,328.28,42.79,285.49,116.33,0.0,45.97,70.36,169.16,14.02,155.14,5.684341886080802e-14
Italy,ITA,2022,323.16,42.99,280.17,100.46,0.0,48.61,51.85,179.71,22.61,157.1,0.0
Italy,ITA,2023,312.75,51.25,261.5,116.47,0.0,54.25,62.22,145.03,13.22,131.81,0.0
Italy,ITA,2024,318.51,51.0,267.51,134.19,0.0,58.16,76.03,133.32,3.95,129.37,0.0
Latvia,LVA,2000,5.93,1.79,4.14,2.82,0.0,0.0,2.82,1.32,0.0,1.32,0.0
Latvia,LVA,2001,6.15,1.88,4.27,2.83,0.0,0.0,2.83,1.44,0.0,1.44,-8.881784197001252e-16
Latvia,LVA,2002,6.32,2.35,3.97,2.48,0.0,0.01,2.47,1.49,0.0,1.49,0.0
Latvia,LVA,2003,6.6,2.63,3.97,2.34,0.0,0.05,2.29,1.63,0.0,1.63,0.0
Latvia,LVA,2004,6.79,2.1,4.69,3.2,0.0,0.05,3.15,1.49,0.0,1.49,8.881784197001252e-16
Latvia,LVA,2005,7.07,2.15,4.92,3.42,0.0,0.05,3.37,1.5,0.0,1.5,0.0
Latvia,LVA,2006,7.4,2.51,4.89,2.79,0.0,0.05,2.74,2.1,0.0,2.1,-8.881784197001252e-16
Latvia,LVA,2007,7.76,3.0,4.76,2.82,0.0,0.05,2.77,1.94,0.0,1.94,0.0
Latvia,LVA,2008,7.79,2.52,5.27,3.21,0.0,0.06,3.15,2.06,0.0,2.06,-8.881784197001252e-16
Latvia,LVA,2009,7.22,1.65,5.57,3.56,0.0,0.05,3.51,2.01,0.0,2.01,8.881784197001252e-16
Latvia,LVA,2010,7.5,0.87,6.63,3.64,0.0,0.05,3.59,2.99,0.0,2.99,0.0
Latvia,LVA,2011,7.33,1.24,6.09,3.08,0.0,0.07,3.01,3.01,0.0,3.01,0.0
Latvia,LVA,2012,7.86,1.69,6.17,4.11,0.0,0.11,4.0,2.06,0.0,2.06,-8.881784197001252e-16
Latvia,LVA,2013,7.56,1.36,6.2,3.53,0.0,0.12,3.41,2.67,0.0,2.67,8.881784197001252e-16
Latvia,LVA,2014,7.46,2.32,5.14,2.8,0.0,0.14,2.66,2.34,0.0,2.34,-8.881784197001252e-16
Latvia,LVA,2015,7.36,1.82,5.54,2.78,0.0,0.15,2.63,2.76,0.0,2.76,0.0
Latvia,LVA,2016,7.45,1.03,6.42,3.48,0.0,0.13,3.35,2.94,0.0,2.94,0.0
Latvia,LVA,2017,7.47,-0.06,7.53,5.46,0.0,0.15,5.31,2.07,0.0,2.07,8.881784197001252e-16
Latvia,LVA,2018,7.63,0.91,6.72,3.49,0.0,0.12,3.37,3.23,0.0,3.23,0.0
Latvia,LVA,2019,7.56,1.12,6.44,3.19,0.0,0.15,3.04,3.25,0.0,3.25,8.881784197001252e-16
Latvia,LVA,2020,7.35,1.63,5.72,3.64,0.0,0.18,3.46,2.08,0.0,2.08,0.0
Latvia,LVA,2021,7.62,1.77,5.85,3.72,0.0,0.15,3.57,2.13,0.0,2.13,-8.881784197001252e-16
Latvia,LVA,2022,7.34,2.31,5.03,3.82,0.0,0.27,3.55,1.21,0.0,1.21,0.0
Latvia,LVA,2023,7.17,0.8,6.37,4.95,0.0,0.5,4.45,1.42,0.0,1.42,0.0
Latvia,LVA,2024,7.39,1.07,6.32,4.64,0.0,0.81,3.83,1.68,0.0,1.68,8.881784197001252e-16
Lithuania,LTU,2000,9.79,-1.34,11.13,8.76,8.42,0.0,0.34,2.37,0.0,2.37,1.7763568394002505e-15
Lithuania,LTU,2001,10.4,-3.96,14.36,11.69,11.36,0.0,0.33,2.67,0.0,2.67,-1.7763568394002505e-15
Lithuania,LTU,2002,10.8,-6.49,17.29,14.49,14.14,0.0,0.35,2.8,0.0,2.8,-1.7763568394002505e-15
Lithuania,LTU,2003,11.29,-7.53,18.82,15.81,15.48,0.0,0.33,3.01,0.0,3.01,0.0
Lithuania,LTU,2004,11.56,-7.19,18.75,15.53,15.1,0.0,0.43,3.22,0.0,3.22,-1.7763568394002505e-15
Lithuania,LTU,2005,11.45,-2.97,14.42,10.8,10.34,0.0,0.46,3.62,0.0,3.62,0.0
Lithuania,LTU,2006,11.64,-0.43,12.07,9.08,8.65,0.01,0.42,2.99,0.0,2.99,0.0
Lithuania,LTU,2007,12.09,-1.37,13.46,10.41,9.83,0.11,0.47,3.05,0.0,3.05,0.0
Lithuania,LTU,2008,12.37,-0.96,13.33,10.49,9.89,0.13,0.47,2.84,0.0,2.84,1.7763568394002505e-15
Lithuania,LTU,2009,11.71,-2.93,14.64,11.53,10.85,0.16,0.52,3.11,0.0,3.11,0.0
Lithuania,LTU,2010,10.99,5.99,5.0,0.91,0.0,0.22,0.69,4.09,0.0,4.09,0.0
Lithuania,LTU,2011,10.99,6.74,4.25,1.11,0.0,0.47,0.64,3.14,0.0,3.14,0.0
Lithuania,LTU,2012,11.12,6.62,4.5,1.18,0.0,0.54,0.64,3.32,0.0,3.32,1.7763568394002505e-15
Lithuania,LTU,2013,11.14,6.95,4.19,1.53,0.0,0.65,0.88,2.66,0.0,2.66,0.0
Lithuania,LTU,2014,11.31,7.62,3.69,1.51,0.0,0.71,0.8,2.18,0.0,2.18,0.0
Lithuania,LTU,2015,11.44,7.21,4.23,1.68,0.0,0.88,0.8,2.55,0.0,2.55,1.7763568394002505e-15
Lithuania,LTU,2016,11.9,8.27,3.63,2.1,0.0,1.21,0.89,1.53,0.0,1.53,-1.7763568394002505e-15
Lithuania,LTU,2017,12.24,8.68,3.56,2.53,0.0,1.43,1.1,1.03,0.0,1.03,0.0
Lithuania,LTU,2018,12.55,9.63,2.92,2.2,0.0,1.23,0.97,0.72,0.0,0.72,0.0
Lithuania,LTU,2019,12.68,9.34,3.34,2.47,0.0,1.59,0.88,0.87,0.0,0.87,0.0
Lithuania,LTU,2020,12.61,7.91,4.7,2.57,0.0,1.68,0.89,2.13,0.0,2.13,0.0
Lithuania,LTU,2021,13.34,9.04,4.3,2.62,0.0,1.55,1.07,1.68,0.0,1.68,0.0
Lithuania,LTU,2022,12.61,8.57,4.04,3.02,0.0,1.85,1.17,1.02,0.0,1.02,0.0
Lithuania,LTU,2023,12.14,6.93,5.21,4.35,0.0,3.14,1.21,0.86,0.0,0.86,0.0
Lithuania,LTU,2024,12.7,5.4,7.3,6.14,0.0,4.72,1.42,1.16,0.0,1.16,0.0
Luxembourg,LUX,2000,6.11,5.71,0.4,0.16,0.0,0.02,0.14,0.24,0.0,0.24,0.0
Luxembourg,LUX,2001,6.19,5.32,0.87,0.17,0.0,0.02,0.15,0.7,0.0,0.7,0.0
Luxembourg,LUX,2002,6.27,3.47,2.8,0.15,0.0,0.02,0.13,2.65,0.0,2.65,0.0
Luxembourg,LUX,2003,6.55,3.76,2.79,0.14,0.0,0.03,0.11,2.65,0.0,2.65,0.0
Luxembourg,LUX,2004,6.74,3.37,3.37,0.19,0.0,0.05,0.14,3.18,0.0,3.18,0.0
Luxembourg,LUX,2005,6.61,3.26,3.35,0.21,0.0,0.07,0.14,3.14,0.0,3.14,-8.881784197001252e-16
Luxembourg,LUX,2006,7.1,3.56,3.54,0.25,0.0,0.08,0.17,3.29,0.0,3.29,0.0
Luxembourg,LUX,2007,7.15,3.96,3.19,0.26,0.0,0.08,0.18,2.93,0.0,2.93,0.0
Luxembourg,LUX,2008,7.07,4.35,2.72,0.28,0.0,0.08,0.2,2.44,0.0,2.44,0.0
Luxembourg,LUX,2009,6.57,3.42,3.15,0.27,0.0,0.08,0.19,2.88,0.0,2.88,0.0
Luxembourg,LUX,2010,7.3,4.06,3.24,0.27,0.0,0.08,0.19,2.97,0.0,2.97,0.0
Luxembourg,LUX,2011,7.12,4.48,2.64,0.24,0.0,0.09,0.15,2.4,0.0,2.4,8.881784197001252e-16
Luxembourg,LUX,2012,6.87,4.11,2.76,0.31,0.0,0.12,0.19,2.45,0.0,2.45,0.0
Luxembourg,LUX,2013,6.78,4.94,1.84,0.36,0.0,0.15,0.21,1.48,0.0,1.48,0.0
Luxembourg,LUX,2014,6.8,4.89,1.91,0.4,0.0,0.17,0.23,1.51,0.0,1.51,0.0
Luxembourg,LUX,2015,6.94,5.6,1.34,0.43,0.0,0.2,0.23,0.91,0.0,0.91,-8.881784197001252e-16
Luxembourg,LUX,2016,7.09,6.3,0.79,0.46,0.0,0.2,0.26,0.33,0.0,0.33,0.0
Luxembourg,LUX,2017,7.08,6.18,0.9,0.6,0.0,0.34,0.26,0.3,0.0,0.3,0.0
Luxembourg,LUX,2018,7.12,6.16,0.96,0.68,0.0,0.37,0.31,0.28,0.0,0.28,0.0
Luxembourg,LUX,2019,6.95,5.88,1.07,0.8,0.0,0.41,0.39,0.27,0.0,0.27,0.0
Luxembourg,LUX,2020,6.68,5.46,1.22,0.97,0.0,0.51,0.46,0.25,0.0,0.25,0.0
Luxembourg,LUX,2021,6.95,5.72,1.23,0.99,0.0,0.49,0.5,0.24,0.0,0.24,-8.881784197001252e-16
Luxembourg,LUX,2022,6.72,5.51,1.21,1.04,0.0,0.59,0.45,0.17,0.0,0.17,0.0
Luxembourg,LUX,2023,6.6,5.2,1.4,1.25,0.0,0.78,0.47,0.15,0.0,0.15,0.0
Luxembourg,LUX,2024,6.75,5.25,1.5,1.36,0.0,0.81,0.55,0.14,0.0,0.14,0.0
Montenegro,MNE,2005,4.66,1.79,2.87,1.87,0.0,0.0,1.87,1.0,1.0,0.0,0.0
Montenegro,MNE,2006,4.82,1.87,2.95,1.75,0.0,0.0,1.75,1.2,1.2,0.0,0.0
Montenegro,MNE,2007,4.73,2.59,2.14,1.28,0.0,0.0,1.28,0.86,0.86,0.0,0.0
Montenegro,MNE,2008,4.61,1.78,2.83,1.54,0.0,0.0,1.54,1.29,1.29,0.0,0.0
Montenegro,MNE,2009,3.81,1.05,2.76,2.07,0.0,0.0,2.07,0.69,0.69,0.0,-4.440892098500626e-16
Montenegro,MNE,2010,4.02,0.0,4.02,2.75,0.0,0.0,2.75,1.27,1.27,0.0,0.0
Montenegro,MNE,2011,4.21,1.56,2.65,1.2,0.0,0.0,1.2,1.45,1.45,0.0,0.0
Montenegro,MNE,2012,4.06,1.21,2.85,1.48,0.0,0.0,1.48,1.37,1.37,0.0,8.881784197001252e-16
Montenegro,MNE,2013,3.6,-0.34,3.94,2.5,0.0,0.0,2.5,1.44,1.44,0.0,0.0
Montenegro,MNE,2014,3.43,0.26,3.17,1.75,0.0,0.0,1.75,1.42,1.42,0.0,-4.440892098500626e-16
Montenegro,MNE,2015,3.52,0.52,3.0,1.49,0.0,0.0,1.49,1.51,1.51,0.0,0.0
Montenegro,MNE,2016,3.44,0.3,3.14,1.84,0.0,0.0,1.84,1.3,1.3,0.0,0.0
Montenegro,MNE,2017,3.6,1.12,2.48,1.12,0.0,0.1,1.02,1.36,1.36,0.0,0.0
Montenegro,MNE,2018,3.6,-0.2,3.8,2.25,0.0,0.14,2.11,1.55,1.55,0.0,-4.440892098500626e-16
Montenegro,MNE,2019,3.68,0.25,3.43,1.93,0.0,0.3,1.63,1.5,1.5,0.0,0.0
Montenegro,MNE,2020,3.47,0.08,3.39,1.77,0.0,0.32,1.45,1.62,1.62,0.0,0.0
Montenegro,MNE,2021,3.6,-0.17,3.77,2.33,0.0,0.32,2.01,1.44,1.44,0.0,0.0
Montenegro,MNE,2022,3.18,-0.13,3.31,1.76,0.0,0.32,1.44,1.55,1.55,0.0,0.0
Montenegro,MNE,2023,3.35,-0.87,4.22,2.58,0.0,0.36,2.22,1.64,1.64,0.0,-4.440892098500626e-16
Montenegro,MNE,2024,3.54,-0.16,3.7,2.23,0.0,0.38,1.85,1.47,1.47,0.0,0.0
Netherlands,NLD,2000,106.97,18.91,88.06,6.9,3.93,0.84,2.13,81.16,24.28,56.88,0.0
Netherlands,NLD,2001,109.42,17.28,92.14,7.29,3.98,0.84,2.47,84.85,25.48,59.37,0.0
Netherlands,NLD,2002,111.02,16.38,94.64,7.89,3.91,0.97,3.01,86.75,25.99,60.76,0.0
Netherlands,NLD,2003,112.46,16.99,95.47,7.98,4.02,1.35,2.61,87.49,26.57,60.92,0.0
Netherlands,NLD,2004,116.04,16.22,99.82,9.12,3.82,1.9,3.4,90.7,24.95,65.75,-1.4210854715202004e-14
Netherlands,NLD,2005,116.82,18.29,98.53,11.46,4.0,2.11,5.35,87.07,23.5,63.57,0.0
Netherlands,NLD,2006,118.98,21.46,97.52,11.53,3.47,2.78,5.28,85.99,23.74,62.25,-1.4210854715202004e-14
Netherlands,NLD,2007,121.29,17.61,103.68,11.79,4.2,3.48,4.11,91.89,24.92,66.97,0.0
Netherlands,NLD,2008,122.06,15.85,106.21,13.7,4.17,4.3,5.23,92.51,23.48,69.03,-1.4210854715202004e-14
Netherlands,NLD,2009,117.24,4.89,112.35,15.08,4.25,4.62,6.21,97.27,24.28,72.99,0.0
Netherlands,NLD,2010,120.88,2.78,118.1,15.16,3.97,4.05,7.14,102.94,22.59,80.35,0.0
Netherlands,NLD,2011,121.73,9.09,112.64,16.46,4.14,5.2,7.12,96.18,21.39,74.79,0.0
Netherlands,NLD,2012,119.38,17.11,102.27,16.38,3.91,5.17,7.3,85.89,24.21,61.68,0.0
Netherlands,NLD,2013,118.8,18.24,100.56,14.99,2.89,6.04,6.06,85.57,24.61,60.96,0.0
Netherlands,NLD,2014,116.83,14.73,102.1,15.74,4.09,6.53,5.12,86.36,29.49,56.87,0.0
Netherlands,NLD,2015,117.74,8.75,108.99,17.77,4.08,8.66,5.03,91.22,39.39,51.83,0.0
Netherlands,NLD,2016,118.87,4.91,113.96,18.74,3.96,9.77,5.01,95.22,36.82,58.4,-1.4210854715202004e-14
Netherlands,NLD,2017,119.55,3.51,116.04,20.83,3.4,12.77,4.66,95.21,31.38,63.83,1.4210854715202004e-14
Netherlands,NLD,2018,121.07,7.97,113.1,22.39,3.51,14.26,4.62,90.71,27.58,63.13,0.0
Netherlands,NLD,2019,120.91,0.86,120.05,26.71,3.91,16.91,5.89,93.34,17.69,75.65,0.0
Netherlands,NLD,2020,119.3,-2.66,121.96,36.82,4.09,23.84,8.89,85.14,7.62,77.52,0.0
Netherlands,NLD,2021,121.05,0.25,120.8,44.18,3.83,29.34,11.01,76.62,14.6,62.02,0.0
Netherlands,NLD,2022,115.52,-4.27,119.79,52.09,4.16,38.06,9.87,67.7,14.8,52.9,1.4210854715202004e-14
Netherlands,NLD,2023,114.48,-5.66,120.14,61.01,3.99,49.31,7.71,59.13,8.71,50.42,0.0
Netherlands,NLD,2024,118.29,-4.22,122.51,65.82,3.57,55.48,6.77,56.69,7.47,49.22,0.0
North Macedonia,MKD,2000,6.92,0.11,6.81,1.17,0.0,0.0,1.17,5.64,5.21,0.43,0.0
North Macedonia,MKD,2001,6.8,0.43,6.37,0.63,0.0,0.0,0.63,5.74,5.57,0.17,0.0
North Macedonia,MKD,2002,6.88,0.79,6.09,0.76,0.0,0.0,0.76,5.33,5.12,0.21,0.0
North Macedonia,MKD,2003,7.68,0.95,6.73,1.37,0.0,0.0,1.37,5.36,5.34,0.02,8.881784197001252e-16
North Macedonia,MKD,2004,7.84,1.18,6.66,1.48,0.0,0.0,1.48,5.18,5.16,0.02,0.0
North Macedonia,MKD,2005,8.54,1.6,6.94,1.49,0.0,0.0,1.49,5.45,5.44,0.01,1.7763568394002505e-15
North Macedonia,MKD,2006,8.8,1.79,7.01,1.65,0.0,0.0,1.65,5.36,5.11,0.25,0.0
North Macedonia,MKD,2007,8.99,2.49,6.5,1.01,0.0,0.0,1.01,5.49,5.01,0.48,0.0
North Macedonia,MKD,2008,9.04,2.73,6.31,0.84,0.0,0.0,0.84,5.47,5.29,0.18,0.0
North Macedonia,MKD,2009,8.26,1.44,6.82,1.27,0.0,0.0,1.27,5.55,5.3,0.25,0.0
North Macedonia,MKD,2010,8.68,1.42,7.26,2.43,0.0,0.0,2.43,4.83,4.74,0.09,0.0
North Macedonia,MKD,2011,9.44,2.68,6.76,1.43,0.0,0.0,1.43,5.33,5.17,0.16,0.0
North Macedonia,MKD,2012,8.93,2.67,6.26,1.04,0.0,0.0,1.04,5.22,4.83,0.39,0.0
North Macedonia,MKD,2013,8.52,2.43,6.09,1.59,0.0,0.01,1.58,4.5,4.03,0.47,0.0
North Macedonia,MKD,2014,8.34,2.96,5.38,1.29,0.0,0.08,1.21,4.09,3.74,0.35,0.0
North Macedonia,MKD,2015,8.16,2.51,5.65,2.03,0.0,0.14,1.89,3.62,3.3,0.32,0.0
North Macedonia,MKD,2016,7.66,2.03,5.63,2.07,0.0,0.13,1.94,3.56,2.89,0.67,0.0
North Macedonia,MKD,2017,7.58,1.98,5.6,1.29,0.0,0.13,1.16,4.31,3.39,0.92,0.0
North Macedonia,MKD,2018,7.53,1.92,5.61,1.96,0.0,0.12,1.84,3.65,2.85,0.8,0.0
North Macedonia,MKD,2019,7.7,1.83,5.87,1.34,0.0,0.12,1.22,4.53,3.51,1.02,0.0
North Macedonia,MKD,2020,7.67,2.33,5.34,1.48,0.0,0.14,1.34,3.86,2.63,1.23,0.0
North Macedonia,MKD,2021,8.01,2.48,5.53,1.65,0.0,0.15,1.5,3.88,2.19,1.69,0.0
North Macedonia,MKD,2022,7.35,1.41,5.94,1.61,0.0,0.21,1.4,4.33,2.77,1.56,8.881784197001252e-16
North Macedonia,MKD,2023,7.06,0.15,6.91,2.23,0.0,0.54,1.69,4.68,2.77,1.91,8.881784197001252e-16
North Macedonia,MKD,2024,6.51,0.71,5.8,1.92,0.0,0.51,1.41,3.88,2.48,1.4,0.0
Norway,NOR,2000,123.47,-19.05,142.52,142.11,0.0,0.03,142.08,0.41,0.04,0.37,1.4210854715202004e-14
Norway,NOR,2001,124.89,3.57,121.32,120.74,0.0,0.03,120.71,0.58,0.04,0.54,-1.4210854715202004e-14
Norway,NOR,2002,120.53,-9.71,130.24,129.7,0.0,0.08,129.62,0.54,0.04,0.5,0.0
Norway,NOR,2003,114.54,7.87,106.67,106.03,0.0,0.22,105.81,0.64,0.04,0.6,0.0
Norway,NOR,2004,121.55,11.45,110.1,109.39,0.0,0.25,109.14,0.71,0.04,0.67,0.0
Norway,NOR,2005,125.21,-12.04,137.25,136.52,0.0,0.5,136.02,0.73,0.04,0.69,1.4210854715202004e-14
Norway,NOR,2006,122.07,0.85,121.22,120.4,0.0,0.64,119.76,0.82,0.04,0.78,0.0
Norway,NOR,2007,126.08,-10.03,136.11,134.94,0.0,0.89,134.05,1.17,0.04,1.13,1.4210854715202004e-14
Norway,NOR,2008,127.33,-13.86,141.19,140.35,0.0,0.91,139.44,0.84,0.04,0.8,0.0
Norway,NOR,2009,121.99,-8.98,130.97,126.48,0.0,0.97,125.51,4.49,0.04,4.45,0.0
Norway,NOR,2010,130.69,7.55,123.14,117.96,0.0,0.87,117.09,5.18,0.04,5.14,0.0
Norway,NOR,2011,122.85,-3.08,125.93,121.91,0.0,1.29,120.62,4.02,0.04,3.98,1.4210854715202004e-14
Norway,NOR,2012,128.36,-17.82,146.18,143.59,0.0,1.54,142.05,2.59,0.04,2.55,0.0
Norway,NOR,2013,128.13,-5.01,133.14,130.42,0.0,1.88,128.54,2.72,0.04,2.68,0.0
Norway,NOR,2014,125.3,-15.58,140.88,137.94,0.0,2.22,135.72,2.94,0.04,2.9,0.0
Norway,NOR,2015,128.35,-14.65,143.0,140.07,0.0,2.52,137.55,2.93,0.04,2.89,0.0
Norway,NOR,2016,131.62,-16.41,148.03,145.15,0.0,2.11,143.04,2.88,0.04,2.84,0.0
Norway,NOR,2017,133.11,-15.16,148.27,145.48,0.0,2.85,142.63,2.79,0.04,2.75,0.0
Norway,NOR,2018,135.79,-10.15,145.94,143.05,0.0,3.87,139.18,2.89,0.04,2.85,0.0
Norway,NOR,2019,133.87,0.04,133.83,131.07,0.0,5.53,125.54,2.76,0.04,2.72,0.0
Norway,NOR,2020,133.85,-20.47,154.32,152.03,0.0,9.99,142.04,2.29,0.04,2.25,0.0
Norway,NOR,2021,139.55,-17.58,157.13,156.06,0.0,11.87,144.19,1.07,0.04,1.03,0.0
Norway,NOR,2022,132.9,-12.52,145.42,143.45,0.0,14.97,128.48,1.97,0.04,1.93,-2.842170943040401e-14
Norway,NOR,2023,135.79,-17.74,153.53,151.18,0.0,14.22,136.96,2.35,0.03,2.32,0.0
Norway,NOR,2024,137.68,-18.44,156.12,153.61,0.0,14.86,138.75,2.51,0.03,2.48,0.0
Poland,POL,2000,136.81,-6.37,143.18,2.33,0.0,0.0,2.33,140.85,135.89,4.96,0.0
Poland,POL,2001,136.99,-6.73,143.72,2.78,0.0,0.01,2.77,140.94,134.97,5.97,0.0
Poland,POL,2002,135.42,-7.07,142.49,2.77,0.0,0.06,2.71,139.72,132.94,6.78,2.842170943040401e-14
Poland,POL,2003,139.85,-10.16,150.01,2.25,0.0,0.12,2.13,147.76,140.66,7.1,0.0
Poland,POL,2004,143.25,-9.29,152.54,3.2,0.0,0.14,3.06,149.34,141.12,8.22,0.0
Poland,POL,2005,144.1,-11.19,155.29,3.85,0.0,0.14,3.71,151.44,141.88,9.56,0.0
Poland,POL,2006,149.71,-10.99,160.7,4.29,0.0,0.26,4.03,156.41,147.01,9.4,-2.842170943040401e-14
Poland,POL,2007,153.17,-5.35,158.52,5.43,0.0,0.52,4.91,153.09,144.01,9.08,2.842170943040401e-14
Poland,POL,2008,153.83,-0.67,154.5,6.61,0.0,0.84,5.77,147.89,138.89,9.0,0.0
Poland,POL,2009,148.67,-2.19,150.86,8.69,0.0,1.08,7.61,142.17,133.38,8.79,2.842170943040401e-14
Poland,POL,2010,155.42,-1.35,156.77,10.88,0.0,1.66,9.22,145.89,136.51,9.38,2.842170943040401e-14
Poland,POL,2011,157.63,-5.24,162.87,13.13,0.0,3.2,9.93,149.74,139.76,9.98,0.0
Poland,POL,2012,158.64,-2.84,161.48,16.88,0.0,4.75,12.13,144.6,134.57,10.03,0.0
Poland,POL,2013,159.26,-4.52,163.78,17.06,0.0,6.0,11.06,146.72,137.72,9.0,0.0
Poland,POL,2014,160.52,2.17,158.35,19.85,0.0,7.69,12.16,138.5,129.52,8.98,-2.842170943040401e-14
Poland,POL,2015,163.97,-0.33,164.3,22.69,0.0,10.92,11.77,141.61,130.52,11.09,0.0
Poland,POL,2016,168.0,2.0,166.0,22.81,0.0,12.71,10.1,143.19,130.32,12.87,0.0
Poland,POL,2017,172.2,2.29,169.91,24.13,0.0,15.08,9.05,145.78,131.16,14.62,0.0
Poland,POL,2018,175.12,5.69,169.43,21.62,0.0,13.1,8.52,147.81,130.56,17.25,0.0
Poland,POL,2019,173.84,10.62,163.22,25.46,0.0,15.82,9.64,137.76,118.14,19.62,0.0
Poland,POL,2020,170.42,13.27,157.15,28.23,0.0,17.76,10.47,128.92,107.4,21.52,2.842170943040401e-14
Poland,POL,2021,179.68,0.89,178.79,30.56,0.0,20.16,10.4,148.23,127.57,20.66,-2.842170943040401e-14
Poland,POL,2022,176.92,-1.68,178.6,37.69,0.0,28.09,9.6,140.91,124.73,16.18,0.0
Poland,POL,2023,168.19,3.74,164.45,44.79,0.0,34.22,10.57,119.66,98.85,20.81,0.0
Poland,POL,2024,173.02,1.97,171.05,52.54,0.0,42.48,10.06,118.51,93.5,25.01,0.0
Portugal,PRT,2000,44.14,0.93,43.21,12.87,0.0,0.17,12.7,30.34,14.6,15.74,0.0
Portugal,PRT,2001,46.3,0.24,46.06,15.74,0.0,0.26,15.48,30.32,13.61,16.71,7.105427357601002e-15
Portugal,PRT,2002,47.45,1.9,45.55,9.73,0.0,0.36,9.37,35.82,15.21,20.61,-7.105427357601002e-15
Portugal,PRT,2003,49.18,2.79,46.39,17.7,0.0,0.5,17.2,28.69,14.53,14.16,0.0
Portugal,PRT,2004,51.16,6.48,44.68,12.31,0.0,0.82,11.49,32.37,14.86,17.51,0.0
Portugal,PRT,2005,52.83,6.82,46.01,8.25,0.0,1.77,6.48,37.76,15.23,22.53,0.0
Portugal,PRT,2006,53.84,5.44,48.4,15.72,0.0,2.93,12.79,32.68,14.96,17.72,-7.105427357601002e-15
Portugal,PRT,2007,54.2,7.49,46.71,16.21,0.0,4.06,12.15,30.5,12.4,18.1,0.0
Portugal,PRT,2008,54.77,9.43,45.34,14.64,0.0,5.8,8.84,30.7,11.2,19.5,0.0
Portugal,PRT,2009,54.16,4.78,49.38,18.29,0.0,7.74,10.55,31.09,12.9,18.19,7.105427357601002e-15
Portugal,PRT,2010,56.1,2.62,53.48,28.35,0.0,9.39,18.96,25.13,7.1,18.03,-7.105427357601002e-15
Portugal,PRT,2011,54.59,2.81,51.78,24.11,0.0,9.44,14.67,27.67,9.85,17.82,0.0
Portugal,PRT,2012,53.33,7.89,45.44,19.37,0.0,10.65,8.72,26.07,13.09,12.98,0.0
Portugal,PRT,2013,53.13,2.78,50.35,29.47,0.0,12.49,16.98,20.88,11.84,9.04,0.0
Portugal,PRT,2014,52.7,0.9,51.8,31.57,0.0,12.74,18.83,20.23,11.95,8.28,-7.105427357601002e-15
Portugal,PRT,2015,53.41,2.27,51.14,24.36,0.0,12.4,11.96,26.78,14.73,12.05,7.105427357601002e-15
Portugal,PRT,2016,53.96,-5.09,59.05,32.3,0.0,13.34,18.96,26.75,12.63,14.12,-7.105427357601002e-15
Portugal,PRT,2017,54.91,-2.68,57.59,22.58,0.0,13.24,9.34,35.01,14.67,20.34,7.105427357601002e-15
Portugal,PRT,2018,55.69,-2.66,58.35,29.41,0.0,13.63,15.78,28.94,12.01,16.93,0.0
Portugal,PRT,2019,55.0,3.4,51.6,27.41,0.0,15.01,12.4,24.19,5.53,18.66,0.0
Portugal,PRT,2020,52.85,1.46,51.39,30.11,0.0,14.02,16.09,21.28,2.36,18.92,0.0
Portugal,PRT,2021,53.97,4.75,49.22,31.54,0.0,15.45,16.09,17.68,0.8,16.88,0.0
Portugal,PRT,2022,55.58,9.25,46.33,27.61,0.0,16.77,10.84,18.72,0.0,18.72,0.0
Portugal,PRT,2023,56.42,10.23,46.19,34.41,0.0,18.36,16.05,11.78,0.0,11.78,0.0
Portugal,PRT,2024,57.78,10.46,47.32,40.32,0.0,21.48,18.84,7.0,0.0,7.0,0.0
Romania,ROU,2000,50.86,-0.7,51.56,20.24,5.46,0.0,14.78,31.32,18.92,12.4,0.0
Romania,ROU,2001,52.24,-1.31,53.55,20.37,5.45,0.0,14.92,33.18,19.7,13.48,-7.105427357601002e-15
Romania,ROU,2002,51.57,-2.85,54.42,21.56,5.51,0.0,16.05,32.86,20.31,12.55,0.0
Romania,ROU,2003,52.76,-2.08,54.84,18.17,4.91,0.0,13.26,36.67,23.34,13.33,7.105427357601002e-15
Romania,ROU,2004,55.29,-1.18,56.47,22.06,5.55,0.0,16.51,34.41,21.48,12.93,0.0
Romania,ROU,2005,56.43,-2.9,59.33,25.77,5.55,0.0,20.22,33.56,21.91,11.65,0.0
Romania,ROU,2006,58.29,-4.27,62.56,23.99,5.63,0.0,18.36,38.57,25.15,13.42,7.105427357601002e-15
Romania,ROU,2007,59.47,-2.09,61.56,23.72,7.71,0.0,16.01,37.84,25.1,12.74,0.0
Romania,ROU,2008,60.61,-4.25,64.86,28.45,11.23,0.0,17.22,36.41,25.82,10.59,0.0
Romania,ROU,2009,55.29,-2.3,57.59,27.3,11.75,0.01,15.54,30.29,21.74,8.55,7.105427357601002e-15
Romania,ROU,2010,58.15,-2.27,60.42,31.92,11.62,0.31,19.99,28.5,20.68,7.82,0.0
Romania,ROU,2011,59.89,-1.91,61.8,28.07,11.75,1.39,14.93,33.73,24.78,8.95,0.0
Romania,ROU,2012,58.79,0.25,58.54,26.4,11.47,2.65,12.28,32.14,22.9,9.24,0.0
Romania,ROU,2013,56.17,-2.02,58.19,31.77,11.62,4.94,15.21,26.42,16.94,9.48,-7.105427357601002e-15
Romania,ROU,2014,57.79,-7.13,64.92,38.8,11.68,7.82,19.3,26.12,17.76,8.36,0.0
Romania,ROU,2015,58.93,-6.73,65.66,37.83,11.64,9.04,17.15,27.83,18.13,9.7,-7.105427357601002e-15
Romania,ROU,2016,59.2,-5.02,64.22,38.26,11.29,8.41,18.56,25.96,15.88,10.08,0.0
Romania,ROU,2017,60.65,-2.89,63.54,35.8,11.51,9.27,15.02,27.74,16.78,10.96,0.0
Romania,ROU,2018,61.53,-2.54,64.07,37.57,11.38,8.09,18.1,26.5,15.65,10.85,-7.105427357601002e-15
Romania,ROU,2019,60.28,1.52,58.76,35.91,11.28,8.55,16.08,22.85,13.61,9.24,0.0
Romania,ROU,2020,58.0,2.79,55.21,36.08,11.47,8.68,15.93,19.13,9.36,9.77,0.0
Romania,ROU,2021,60.76,2.2,58.56,37.62,11.28,8.28,18.06,20.94,10.69,10.25,7.105427357601002e-15
Romania,ROU,2022,55.96,1.22,54.74,34.71,11.09,8.99,14.63,20.03,10.37,9.66,0.0
Romania,ROU,2023,53.93,-3.02,56.95,39.55,11.19,9.78,18.58,17.4,8.06,9.34,0.0
Romania,ROU,2024,55.68,2.96,52.72,35.43,10.91,9.85,14.67,17.29,7.08,10.21,0.0
Serbia,SRB,2000,34.96,3.01,31.95,9.82,0.0,0.0,9.82,22.13,21.43,0.7,0.0
Serbia,SRB,2001,36.61,4.04,32.57,9.89,0.0,0.0,9.89,22.68,21.86,0.82,0.0
Serbia,SRB,2002,37.72,4.48,33.24,9.93,0.0,0.0,9.93,23.31,22.56,0.75,0.0
Serbia,SRB,2003,37.05,2.79,34.26,8.74,0.0,0.0,8.74,25.52,24.71,0.81,0.0
Serbia,SRB,2004,36.92,-0.27,37.19,10.62,0.0,0.0,10.62,26.57,25.74,0.83,-7.105427357601002e-15
Serbia,SRB,2005,33.92,-1.94,35.86,11.41,0.0,0.0,11.41,24.45,23.38,1.07,0.0
Serbia,SRB,2006,35.06,-0.81,35.87,10.35,0.0,0.0,10.35,25.52,25.02,0.5,-7.105427357601002e-15
Serbia,SRB,2007,35.88,-0.09,35.97,9.46,0.0,0.0,9.46,26.51,25.57,0.94,-7.105427357601002e-15
Serbia,SRB,2008,36.89,0.07,36.82,9.56,0.0,0.0,9.56,27.26,26.68,0.58,0.0
Serbia,SRB,2009,36.28,-1.43,37.71,10.54,0.0,0.0,10.54,27.17,26.85,0.32,0.0
Serbia,SRB,2010,37.12,-0.3,37.42,11.89,0.0,0.0,11.89,25.53,25.02,0.51,7.105427357601002e-15
Serbia,SRB,2011,37.74,-0.28,38.02,8.67,0.0,0.0,8.67,29.35,28.71,0.64,0.0
Serbia,SRB,2012,36.58,0.39,36.19,9.3,0.0,0.0,9.3,26.89,26.32,0.57,0.0
Serbia,SRB,2013,36.69,-2.54,39.23,10.22,0.0,0.0,10.22,29.01,28.67,0.34,0.0
Serbia,SRB,2014,35.0,1.56,33.44,11.03,0.0,0.01,11.02,22.41,22.13,0.28,0.0
Serbia,SRB,2015,36.67,-0.92,37.59,10.11,0.0,0.01,10.1,27.48,27.16,0.32,0.0
Serbia,SRB,2016,36.69,-1.92,38.61,10.86,0.0,0.04,10.82,27.75,27.24,0.51,0.0
Serbia,SRB,2017,37.27,0.83,36.44,9.29,0.0,0.06,9.23,27.15,26.46,0.69,-7.105427357601002e-15
Serbia,SRB,2018,36.79,0.12,36.67,10.9,0.0,0.16,10.74,25.77,25.02,0.75,0.0
Serbia,SRB,2019,36.94,0.08,36.86,10.51,0.0,0.91,9.6,26.35,25.58,0.77,0.0
Serbia,SRB,2020,36.57,-0.61,37.18,10.16,0.0,0.99,9.17,27.02,26.46,0.56,0.0
Serbia,SRB,2021,38.11,0.65,37.46,12.55,0.0,1.09,11.46,24.91,23.77,1.14,0.0
Serbia,SRB,2022,37.59,2.75,34.84,9.82,0.0,0.97,8.85,25.02,23.49,1.53,0.0
Serbia,SRB,2023,36.98,-2.19,39.17,13.59,0.0,0.96,12.63,25.58,23.54,2.04,7.105427357601002e-15
Serbia,SRB,2024,37.98,0.52,37.46,11.7,0.0,1.14,10.56,25.76,23.48,2.28,7.105427357601002e-15
Slovakia,SVK,2000,28.08,-2.7,30.78,21.1,16.49,0.0,4.61,9.68,5.58,4.1,3.552713678800501e-15
Slovakia,SVK,2001,28.14,-3.68,31.82,22.18,17.1,0.0,5.08,9.64,5.82,3.82,0.0
Slovakia,SVK,2002,28.02,-4.16,32.18,23.37,17.95,0.0,5.42,8.81,5.15,3.66,0.0
Slovakia,SVK,2003,28.72,-2.26,30.98,21.44,17.86,0.0,3.58,9.54,5.96,3.58,0.0
Slovakia,SVK,2004,28.6,-1.86,30.46,21.16,17.03,0.01,4.12,9.3,5.68,3.62,0.0
Slovakia,SVK,2005,28.07,-3.27,31.34,22.41,17.73,0.01,4.67,8.93,5.54,3.39,0.0
Slovakia,SVK,2006,28.92,-2.33,31.25,22.82,18.01,0.01,4.8,8.43,5.31,3.12,0.0
Slovakia,SVK,2007,29.58,1.73,27.85,20.26,15.33,0.01,4.92,7.59,4.8,2.79,3.552713678800501e-15
Slovakia,SVK,2008,29.22,0.52,28.7,21.27,16.7,0.01,4.56,7.43,4.67,2.76,0.0
Slovakia,SVK,2009,27.24,1.31,25.93,19.0,14.08,0.01,4.91,6.93,3.86,3.07,0.0
Slovakia,SVK,2010,28.5,1.04,27.46,20.52,14.57,0.03,5.92,6.94,3.56,3.38,0.0
Slovakia,SVK,2011,29.01,0.73,28.28,20.41,15.41,0.4,4.6,7.87,3.55,4.32,0.0
Slovakia,SVK,2012,28.69,0.39,28.3,20.96,15.49,0.43,5.04,7.34,3.41,3.93,0.0
Slovakia,SVK,2013,28.59,0.09,28.5,22.08,15.72,0.6,5.76,6.42,3.07,3.35,0.0
Slovakia,SVK,2014,28.23,1.1,27.13,21.74,15.5,0.61,5.63,5.39,2.87,2.52,0.0
Slovakia,SVK,2015,29.01,2.39,26.62,21.2,15.15,0.52,5.53,5.42,2.83,2.59,0.0
Slovakia,SVK,2016,29.45,2.65,26.8,21.4,14.77,0.54,6.09,5.4,2.8,2.6,0.0
Slovakia,SVK,2017,30.45,3.03,27.42,21.62,15.08,0.52,6.02,5.8,2.99,2.81,3.552713678800501e-15
Slovakia,SVK,2018,30.34,3.68,26.66,20.65,14.84,0.59,5.22,6.01,3.01,3.0,0.0
Slovakia,SVK,2019,29.91,1.7,28.21,21.93,15.28,0.6,6.05,6.28,2.34,3.94,0.0
Slovakia,SVK,2020,28.83,0.32,28.51,22.29,15.44,0.66,6.19,6.22,1.86,4.36,3.552713678800501e-15
Slovakia,SVK,2021,30.47,0.77,29.7,22.5,15.73,0.67,6.1,7.2,1.7,5.5,0.0
Slovakia,SVK,2022,27.95,1.41,26.54,21.74,15.92,0.65,5.17,4.8,1.62,3.18,0.0
Slovakia,SVK,2023,26.11,-3.42,29.53,25.04,18.33,0.61,6.1,4.49,1.22,3.27,0.0
Slovakia,SVK,2024,26.56,-2.96,29.52,25.33,18.23,0.69,6.41,4.19,0.52,3.67,0.0
Slovenia,SVN,2000,12.29,-1.32,13.61,8.66,4.76,0.0,3.9,4.95,4.61,0.34,0.0
Slovenia,SVN,2001,12.71,-1.77,14.48,9.13,5.26,0.0,3.87,5.35,4.92,0.43,0.0
Slovenia,SVN,2002,13.47,-1.13,14.6,8.94,5.53,0.0,3.41,5.66,5.3,0.36,-1.7763568394002505e-15
Slovenia,SVN,2003,13.99,0.16,13.83,8.29,5.21,0.0,3.08,5.54,5.11,0.43,0.0
Slovenia,SVN,2004,14.51,-0.76,15.27,9.67,5.46,0.0,4.21,5.6,5.19,0.41,0.0
Slovenia,SVN,2005,14.79,-0.32,15.11,9.45,5.88,0.0,3.57,5.66,5.27,0.39,0.0
Slovenia,SVN,2006,15.15,0.04,15.11,9.25,5.55,0.0,3.7,5.86,5.43,0.43,-1.7763568394002505e-15
Slovenia,SVN,2007,15.27,0.23,15.04,9.08,5.7,0.0,3.38,5.96,5.48,0.48,0.0
Slovenia,SVN,2008,14.81,-1.6,16.41,10.58,6.27,0.0,4.31,5.83,5.33,0.5,0.0
Slovenia,SVN,2009,13.33,-3.06,16.39,10.64,5.74,0.0,4.9,5.75,5.13,0.62,0.0
Slovenia,SVN,2010,14.14,-2.12,16.26,10.41,5.66,0.01,4.74,5.85,5.29,0.56,0.0
Slovenia,SVN,2011,14.55,-1.37,15.92,10.1,6.22,0.07,3.81,5.82,5.31,0.51,0.0
Slovenia,SVN,2012,14.51,-1.04,15.55,9.86,5.53,0.16,4.17,5.69,5.14,0.55,1.7763568394002505e-15
Slovenia,SVN,2013,14.51,-1.29,15.8,10.41,5.3,0.22,4.89,5.39,4.87,0.52,1.7763568394002505e-15
Slovenia,SVN,2014,14.41,-2.74,17.15,12.97,6.37,0.26,6.34,4.18,3.76,0.42,-1.7763568394002505e-15
Slovenia,SVN,2015,14.75,-0.05,14.8,10.0,5.65,0.28,4.07,4.8,4.38,0.42,0.0
Slovenia,SVN,2016,15.05,-1.18,16.23,10.78,5.72,0.28,4.78,5.45,5.01,0.44,0.0
Slovenia,SVN,2017,15.53,-0.52,16.05,10.73,6.29,0.29,4.15,5.32,4.82,0.5,1.7763568394002505e-15
Slovenia,SVN,2018,15.62,-0.5,16.12,11.0,5.78,0.26,4.96,5.12,4.62,0.5,1.7763568394002505e-15
Slovenia,SVN,2019,15.57,-0.32,15.89,10.86,5.82,0.31,4.73,5.03,4.48,0.55,0.0
Slovenia,SVN,2020,14.89,-2.0,16.89,11.93,6.35,0.38,5.2,4.96,4.36,0.6,0.0
Slovenia,SVN,2021,15.32,-0.27,15.59,11.15,5.71,0.46,4.98,4.44,3.85,0.59,0.0
Slovenia,SVN,2022,14.81,1.45,13.36,9.68,5.61,0.66,3.41,3.68,3.13,0.55,-1.7763568394002505e-15
Slovenia,SVN,2023,14.04,-1.51,15.55,11.9,5.6,0.99,5.31,3.65,3.14,0.51,1.7763568394002505e-15
Slovenia,SVN,2024,14.3,-2.41,16.71,12.71,5.84,1.28,5.59,4.0,3.5,0.5,0.0
Spain,ESP,2000,225.36,4.44,220.92,96.7,62.21,4.74,29.75,124.22,79.09,45.13,-2.842170943040401e-14
Spain,ESP,2001,236.52,3.45,233.07,113.01,63.71,6.78,42.52,120.06,70.27,49.79,-2.842170943040401e-14
Spain,ESP,2002,245.24,5.33,239.91,96.19,63.02,9.36,23.81,143.72,81.18,62.54,0.0
Spain,ESP,2003,258.56,1.26,257.3,117.63,61.88,12.09,43.66,139.67,74.73,64.94,0.0
Spain,ESP,2004,273.58,-3.03,276.61,113.74,63.61,15.72,34.41,162.87,79.1,83.77,5.684341886080802e-14
Spain,ESP,2005,288.12,-1.34,289.46,99.81,57.54,21.23,21.04,189.65,79.06,110.59,0.0
Spain,ESP,2006,292.31,-3.28,295.59,112.28,60.13,23.42,28.73,183.31,66.74,116.57,0.0
Spain,ESP,2007,296.11,-5.75,301.86,113.4,55.1,28.09,30.21,188.46,72.8,115.66,0.0
Spain,ESP,2008,298.75,-11.04,309.79,121.12,58.97,35.53,26.62,188.67,48.71,139.96,0.0
Spain,ESP,2009,282.62,-8.1,290.72,126.84,52.76,44.18,29.9,163.88,35.91,127.97,0.0
Spain,ESP,2010,289.47,-8.33,297.8,159.76,61.99,51.46,46.31,138.04,25.33,112.71,0.0
Spain,ESP,2011,285.45,-6.09,291.54,145.25,57.72,52.32,35.21,146.29,43.98,102.31,5.684341886080802e-14
Spain,ESP,2012,282.75,-11.2,293.95,148.44,61.47,61.44,25.53,145.51,55.07,90.44,0.0
Spain,ESP,2013,274.71,-6.75,281.46,168.14,56.73,68.74,42.67,113.32,39.94,73.38,0.0
Spain,ESP,2014,271.03,-3.41,274.44,167.57,57.31,65.68,44.58,106.87,43.81,63.06,0.0
Spain,ESP,2015,277.04,-0.13,277.17,154.28,57.2,63.18,33.9,122.89,51.37,71.52,0.0
Spain,ESP,2016,278.37,7.67,270.7,163.26,58.63,62.54,42.09,107.44,36.43,71.01,0.0
Spain,ESP,2017,281.55,9.17,272.38,145.97,58.04,63.53,24.4,126.41,45.13,81.28,0.0
Spain,ESP,2018,282.5,11.1,271.4,159.64,55.77,63.63,40.24,111.76,37.34,74.42,0.0
Spain,ESP,2019,277.38,6.86,270.52,159.34,58.35,70.75,30.24,111.18,12.86,98.32,0.0
Spain,ESP,2020,262.75,3.28,259.47,172.09,58.3,77.11,36.68,87.38,5.52,81.86,0.0
Spain,ESP,2021,271.6,0.85,270.75,182.31,56.56,89.16,36.59,88.44,4.86,83.58,0.0
Spain,ESP,2022,267.35,-19.8,287.15,181.5,58.59,98.5,24.41,105.65,7.86,97.79,-5.684341886080802e-14
Spain,ESP,2023,265.88,-13.96,279.84,201.38,56.87,113.6,30.91,78.46,3.62,74.84,0.0
Spain,ESP,2024,271.42,-10.23,281.65,216.32,54.51,121.22,40.59,65.33,2.58,62.75,-5.684341886080802e-14
Sweden,SWE,2000,149.91,4.68,145.23,140.46,57.32,0.46,82.68,4.77,1.64,3.13,0.0
Sweden,SWE,2001,154.31,-7.29,161.6,155.43,72.11,0.48,82.84,6.17,1.88,4.29,0.0
Sweden,SWE,2002,152.06,5.36,146.7,139.26,68.11,0.61,70.54,7.44,2.37,5.07,0.0
Sweden,SWE,2003,148.22,12.83,135.39,126.15,67.42,0.68,58.05,9.24,2.85,6.39,0.0
Sweden,SWE,2004,149.46,-2.1,151.56,145.67,77.49,0.86,67.32,5.89,1.01,4.88,0.0
Sweden,SWE,2005,150.97,-7.39,158.36,153.6,72.38,0.93,80.29,4.76,0.65,4.11,2.842170943040401e-14
Sweden,SWE,2006,149.32,6.04,143.28,138.04,66.98,0.98,70.08,5.24,0.88,4.36,0.0
Sweden,SWE,2007,150.14,1.32,148.82,144.4,66.97,1.43,76.0,4.42,0.65,3.77,0.0
Sweden,SWE,2008,147.94,-1.96,149.9,145.3,63.89,2.0,79.41,4.6,0.51,4.09,0.0
Sweden,SWE,2009,141.29,4.69,136.6,131.98,52.17,2.5,77.31,4.62,0.51,4.11,0.0
Sweden,SWE,2010,150.53,2.08,148.45,139.92,57.83,3.5,78.59,8.53,1.02,7.51,0.0
Sweden,SWE,2011,143.05,-7.23,150.28,144.56,60.47,6.12,77.97,5.72,0.66,5.06,0.0
Sweden,SWE,2012,146.87,-19.57,166.44,162.35,64.04,7.19,91.12,4.09,0.48,3.61,0.0
Sweden,SWE,2013,143.03,-10.0,153.03,149.15,66.46,9.88,72.81,3.88,0.65,3.23,0.0
Sweden,SWE,2014,137.94,-15.62,153.56,150.63,64.88,11.29,74.46,2.93,0.37,2.56,0.0
Sweden,SWE,2015,139.4,-22.6,162.0,158.85,56.35,16.42,86.08,3.15,0.39,2.76,0.0
Sweden,SWE,2016,144.16,-11.73,155.89,152.23,63.1,15.62,73.51,3.66,0.26,3.4,0.0
Sweden,SWE,2017,145.24,-18.99,164.23,160.76,65.7,17.84,77.22,3.47,0.32,3.15,-2.842170943040401e-14
Sweden,SWE,2018,146.14,-17.22,163.36,159.7,68.55,17.03,74.12,3.66,0.34,3.32,2.842170943040401e-14
Sweden,SWE,2019,142.26,-26.16,168.42,165.07,66.13,20.53,78.41,3.35,0.21,3.14,0.0
Sweden,SWE,2020,138.78,-25.0,163.78,161.34,49.2,28.57,83.57,2.44,0.0,2.44,0.0
Sweden,SWE,2021,146.21,-25.57,171.78,168.72,52.97,28.78,86.97,3.06,0.0,3.06,0.0
Sweden,SWE,2022,139.83,-33.22,173.05,170.17,51.94,35.23,83.0,2.88,0.0,2.88,0.0
Sweden,SWE,2023,137.4,-28.49,165.89,163.56,48.47,37.2,77.89,2.33,0.0,2.33,-2.842170943040401e-14
Sweden,SWE,2024,138.55,-33.44,171.99,169.91,50.67,44.45,74.79,2.08,0.0,2.08,0.0
Switzerland,CHE,2000,59.05,-7.07,66.12,64.13,26.45,0.01,37.67,1.99,0.0,1.99,7.105427357601002e-15
Switzerland,CHE,2001,60.61,-10.44,71.05,69.01,26.81,0.01,42.19,2.04,0.0,2.04,0.0
Switzerland,CHE,2002,60.9,-4.51,65.41,63.33,27.23,0.01,36.09,2.08,0.0,2.08,0.0
Switzerland,CHE,2003,62.23,-3.11,65.34,63.21,27.49,0.02,35.7,2.13,0.0,2.13,7.105427357601002e-15
Switzerland,CHE,2004,63.17,-0.7,63.87,61.72,26.96,0.03,34.73,2.15,0.0,2.15,-7.105427357601002e-15
Switzerland,CHE,2005,64.15,6.35,57.8,55.63,23.34,0.03,32.26,2.17,0.0,2.17,-1.4210854715202004e-14
Switzerland,CHE,2006,64.83,2.7,62.13,59.95,27.82,0.03,32.1,2.18,0.0,2.18,0.0
Switzerland,CHE,2007,64.37,-2.06,66.43,64.4,27.92,0.05,36.43,2.03,0.0,2.03,0.0
Switzerland,CHE,2008,65.91,-1.13,67.04,65.03,27.7,0.06,37.27,2.01,0.0,2.01,1.4210854715202004e-14
Switzerland,CHE,2009,64.51,-2.16,66.67,64.72,27.69,0.07,36.96,1.95,0.0,1.95,0.0
Switzerland,CHE,2010,66.57,0.52,66.05,63.81,26.34,0.13,37.34,2.24,0.0,2.24,0.0
Switzerland,CHE,2011,65.47,2.59,62.88,60.73,26.71,0.24,33.78,2.15,0.0,2.15,0.0
Switzerland,CHE,2012,65.93,-2.2,68.13,65.97,25.44,0.39,40.14,2.16,0.0,2.16,-1.4210854715202004e-14
Switzerland,CHE,2013,66.29,-2.4,68.69,66.66,25.99,0.59,40.08,2.03,0.0,2.03,-1.4210854715202004e-14
Switzerland,CHE,2014,64.59,-5.49,70.08,68.23,27.56,0.94,39.73,1.85,0.0,1.85,0.0
Switzerland,CHE,2015,65.04,-1.03,66.07,64.21,23.09,1.23,39.89,1.86,0.0,1.86,-1.4210854715202004e-14
Switzerland,CHE,2016,65.02,3.92,61.1,58.96,21.15,1.44,36.37,2.14,0.0,2.14,0.0
Switzerland,CHE,2017,65.7,5.55,60.15,58.14,20.38,1.81,35.95,2.01,0.0,2.01,0.0
Switzerland,CHE,2018,64.7,-1.59,66.29,64.39,25.51,2.07,36.81,1.9,0.0,1.9,0.0
Switzerland,CHE,2019,64.31,-6.26,70.57,68.67,26.42,2.33,39.92,1.9,0.0,1.9,-1.4210854715202004e-14
Switzerland,CHE,2020,62.93,-5.56,68.49,66.62,24.02,2.74,39.86,1.87,0.0,1.87,-7.105427357601002e-15
Switzerland,CHE,2021,65.5,2.41,63.09,61.37,19.36,2.98,39.03,1.72,0.0,1.72,0.0
Switzerland,CHE,2022,64.87,3.14,61.73,60.14,24.15,4.01,31.98,1.59,0.0,1.59,-1.4210854715202004e-14
Switzerland,CHE,2023,61.07,-6.39,67.46,66.42,24.36,4.88,37.18,1.04,0.0,1.04,-7.105427357601002e-15
Switzerland,CHE,2024,62.28,-13.48,75.76,74.66,24.0,5.93,44.73,1.1,0.0,1.1,0.0
United Kingdom,GBR,2000,391.23,14.17,377.06,94.97,85.06,0.94,8.97,282.09,119.95,162.14,0.0
United Kingdom,GBR,2001,395.17,10.4,384.77,99.63,90.09,0.96,8.58,285.14,131.46,153.68,-5.684341886080802e-14
United Kingdom,GBR,2002,395.65,8.41,387.24,98.97,87.85,1.25,9.87,288.27,124.28,163.99,5.684341886080802e-14
United Kingdom,GBR,2003,400.37,2.16,398.21,99.38,88.69,1.29,9.4,298.83,138.46,160.37,0.0
United Kingdom,GBR,2004,401.41,7.49,393.92,94.14,80.0,1.94,12.2,299.78,131.79,167.99,0.0
United Kingdom,GBR,2005,406.67,8.32,398.35,98.55,81.62,2.91,14.02,299.8,134.64,165.16,0.0
United Kingdom,GBR,2006,404.79,7.52,397.27,93.55,75.45,4.23,13.87,303.72,148.85,154.87,-5.684341886080802e-14
United Kingdom,GBR,2007,402.02,5.21,396.81,82.71,63.03,5.28,14.4,314.1,135.94,178.16,0.0
United Kingdom,GBR,2008,399.98,11.02,388.96,74.43,52.49,7.15,14.79,314.53,124.38,190.15,-5.684341886080802e-14
United Kingdom,GBR,2009,379.62,2.86,376.76,94.34,69.1,9.3,15.94,282.42,103.04,179.38,0.0
United Kingdom,GBR,2010,384.72,2.66,382.06,88.32,62.14,10.33,15.85,293.74,107.59,186.15,0.0
United Kingdom,GBR,2011,374.19,6.22,367.97,104.18,68.98,16.2,19.0,263.79,108.44,155.35,5.684341886080802e-14
United Kingdom,GBR,2012,375.73,11.86,363.87,111.65,70.41,21.19,20.05,252.22,142.79,109.43,0.0
United Kingdom,GBR,2013,372.71,14.43,358.28,123.82,70.61,30.41,22.8,234.46,130.26,104.2,0.0
United Kingdom,GBR,2014,358.6,20.52,338.08,128.26,63.75,36.0,28.51,209.82,100.24,109.58,-5.684341886080802e-14
United Kingdom,GBR,2015,359.98,21.11,338.87,153.7,70.34,47.8,35.56,185.17,75.88,109.29,0.0
United Kingdom,GBR,2016,356.93,17.75,339.18,154.74,71.73,47.57,35.44,184.44,30.67,153.77,0.0
United Kingdom,GBR,2017,352.98,14.76,338.22,169.23,70.34,61.11,37.78,168.99,22.53,146.46,0.0
United Kingdom,GBR,2018,352.87,19.11,333.76,175.2,65.06,69.58,40.56,158.56,16.83,141.73,0.0
United Kingdom,GBR,2019,348.36,21.17,327.19,175.92,56.18,76.26,43.48,151.27,6.92,144.35,0.0
United Kingdom,GBR,2020,328.55,18.25,310.3,183.87,50.24,88.17,45.46,126.43,5.7,120.73,0.0
United Kingdom,GBR,2021,332.64,24.74,307.9,168.59,46.1,77.06,45.43,139.31,6.79,132.52,0.0
United Kingdom,GBR,2022,320.28,-4.3,324.58,182.46,47.4,93.55,41.51,142.12,5.94,136.18,0.0
United Kingdom,GBR,2023,315.83,23.3,292.53,176.27,40.6,96.03,39.64,116.26,3.78,112.48,0.0
United Kingdom,GBR,2024,317.35,33.19,284.16,184.51,40.59,98.07,45.85,99.65,1.9,97.75,0.0
